1.804646965937289167e-03 -1.787190763426832474e-01 -1.787211897658952942e-01 -1.787226189836315093e-01 -1.787235780233487337e-01 -1.787242349730158164e-01 -1.787246926337435482e-01 -1.787249988737085182e-01 -1.787251718073737949e-01 -1.787252239050883540e-01 -1.787251758517482414e-01 -1.787250591015643042e-01 -1.787249103524843064e-01 -1.787247641203651982e-01 -1.787246464698040160e-01 -1.787245723206712933e-01 -1.787245458131257736e-01 -1.787245627933935488e-01 -1.787246141387742460e-01 -1.787246887793564609e-01 -1.787247757788814617e-01 -1.787248658750023589e-01 -1.787249518996615050e-01 -1.787250286208958150e-01 -1.787250927802525036e-01 -1.787251422560985903e-01 -1.787251763549357331e-01 -1.787251950338627493e-01 -1.787251990242820221e-01 -1.787251898859713584e-01 -1.787251694971256355e-01 -1.787251407509744539e-01 -1.787251046345096350e-01 -1.787250655911865604e-01 -1.787250256116452996e-01 -1.787249870185236567e-01 -1.787249518617133326e-01 -1.787249215844212702e-01 -1.787248971739150982e-01 -1.787248790592174119e-01 -1.787248672297096219e-01 -1.787248612438397388e-01 -1.787248606824275443e-01 -1.787248644858192015e-01 -1.787248715526890963e-01 -1.787248808224969898e-01 -1.787248913785257354e-01 -1.787249022766553008e-01 -1.787249125786582182e-01 -1.787249218318971988e-01 -1.787249289836395361e-01
2.115230855011921568e-03 -2.087345177727496226e-01 -2.087408680355783974e-01 -2.087459099803322393e-01 -2.087497482981124086e-01 -2.087525142861134109e-01 -2.087543393457226004e-01 -2.087553533139681616e-01 -2.087556939830897962e-01 -2.087555136694334568e-01 -2.087549759229869739e-01 -2.087542435458454304e-01 -2.087534626436079732e-01 -2.087527496180315856e-01 -2.087521836683446930e-01 -2.087518063492548315e-01 -2.087516263696396202e-01 -2.087516275466887450e-01 -2.087517777058745805e-01 -2.087520367343517202e-01 -2.087523628000874099e-01 -2.087527170900126683e-01 -2.087530664104393641e-01 -2.087533843365962927e-01 -2.087536519166850457e-01 -2.087538568237471415e-01 -2.087539933787990465e-01 -2.087540610564190546e-01 -2.087540638373694968e-01 -2.087540093879075020e-01 -2.087539075934900790e-01 -2.087537705248646291e-01 -2.087536083090481831e-01 -2.087534347397539958e-01 -2.087532599455411975e-01 -2.087530932747017898e-01 -2.087529423912449222e-01 -2.087528127963074187e-01 -2.087527080144539193e-01 -2.087526295650413422e-01 -2.087525772514278732e-01 -2.087525493607039206e-01 -2.087525434049261885e-01 -2.087525555768109942e-01 -2.087525816615658225e-01 -2.087526173325346679e-01 -2.087526584487099102e-01 -2.087527010098939317e-01 -2.087527413195055803e-01 -2.087527766314774824e-01 -2.087528039487415166e-01
2.479266944973179069e-03 -2.434810038952226197e-01 -2.434945243456474728e-01 -2.435057172239819545e-01 -2.435144756750475814e-01 -2.435208502821902821e-01 -2.435250120524767858e-01 -2.435272288170462207e-01 -2.435278450039207176e-01 -2.435272552706543026e-01 -2.435258699418494099e-01 -2.435240774823808352e-01 -2.435222109318912476e-01 -2.435205259030761848e-01 -2.435191915587424372e-01 -2.435182943580974646e-01 -2.435178505445872721e-01 -2.435178233803223513e-01 -2.435181414293286495e-01 -2.435187150769194397e-01 -2.435194497504629962e-01 -2.435202560758361889e-01 -2.435210562315546501e-01 -2.435217873980579095e-01 -2.435224036121882707e-01 -2.435228749823224181e-01 -2.435231872155192157e-01 -2.435233389519708413e-01 -2.435233397610700734e-01 -2.435232077938521145e-01 -2.435229666997577869e-01 -2.435226442520338486e-01 -2.435222664016183647e-01 -2.435218627938764147e-01 -2.435214575363954803e-01 -2.435210719888465658e-01 -2.435207233912413949e-01 -2.435204241729474472e-01 -2.435201821810200618e-01 -2.435200007924888943e-01 -2.435198794879295525e-01 -2.435198143842198792e-01 -2.435197994316032344e-01 -2.435198261420787880e-01 -2.435198849862873494e-01 -2.435199660530994736e-01 -2.435200596761026293e-01 -2.435201566253999972e-01 -2.435202484923918165e-01 -2.435203285810566276e-01 -2.435203906115906425e-01
2.905954482401876347e-03 -2.835285403773949442e-01 -2.835538373989527905e-01 -2.835751723151130888e-01 -2.835920624418554747e-01 -2.836044059873024659e-01 -2.836124295181588484e-01 -2.836166266756156018e-01 -2.836176856370547505e-01 -2.836164051811254638e-01 -2.836136063844975075e-01 -2.836100520526790292e-01 -2.836063842301099758e-01 -2.836030879050692732e-01 -2.836004800791368519e-01 -2.835987208010985472e-01 -2.835978384854878631e-01 -2.835977624219792048e-01 -2.835983564182902317e-01 -2.835994491737356404e-01 -2.836008589993820328e-01 -2.836024128804172650e-01 -2.836039590682018496e-01 -2.836053743781789538e-01 -2.836065679783156823e-01 -2.836074807978958834e-01 -2.836080841959742194e-01 -2.836083754136967672e-01 -2.836083732893534548e-01 -2.836081133500055196e-01 -2.836076420759029437e-01 -2.836070132114035247e-01 -2.836062790751737173e-01 -2.836054953767749298e-01 -2.836047094051847850e-01 -2.836039623742791504e-01 -2.836032873348226513e-01 -2.836027081570706154e-01 -2.836022398178351667e-01 -2.836018887574566216e-01 -2.836016539168185191e-01 -2.836015278264505390e-01 -2.836014985212935158e-01 -2.836015497900765681e-01 -2.836016633254475061e-01 -2.836018199819961283e-01 -2.836020009435932798e-01 -2.836021883273971977e-01 -2.836023659404836583e-01 -2.836025205253140946e-01 -2.836026404188647931e-01
3.406075925350955744e-03 -3.294192432155939598e-01 -3.294634120553204260e-01 -3.295010426697176920e-01 -3.295310192176904573e-01 -3.295529740536249363e-01 -3.295672123085819916e-01 -3.295745884710146734e-01 -3.295763462884071515e-01 -3.295739387946154952e-01 -3.295688512469319154e-01 -3.295624504081518524e-01 -3.295558757013988815e-01 -3.295499805173107144e-01 -3.295453188722717308e-01 -3.295421685681045321e-01 -3.295405772967700542e-01 -3.295404196691809617e-01 -3.295414554169719956e-01 -3.295433819143235854e-01 -3.295458773263802432e-01 -3.295486339498674422e-01 -3.295513808772640996e-01 -3.295538975631412404e-01 -3.295560207390727525e-01 -3.295576442261627381e-01 -3.295587161797134401e-01 -3.295592315744306222e-01 -3.295592242056753496e-01 -3.295587576219843329e-01 -3.295579151392384332e-01 -3.295567923246498498e-01 -3.295554841651998079e-01 -3.295540881782553222e-01 -3.295526890437825984e-01 -3.295513599341593491e-01 -3.295501593279323571e-01 -3.295491294993785902e-01 -3.295482968832571524e-01 -3.295476728419876600e-01 -3.295472554411713051e-01 -3.295470314394702283e-01 -3.295469793200718756e-01 -3.295470704557106334e-01 -3.295472724161426226e-01 -3.295475511896153731e-01 -3.295478732146212009e-01 -3.295482066736426519e-01 -3.295485228387945442e-01 -3.295487978566339349e-01 -3.295490114385223324e-01
3.992269417677330769e-03 -3.816091676516614739e-01 -3.816828957687393720e-01 -3.817460990826351264e-01 -3.817966358335254662e-01 -3.818336977268644850e-01 -3.818577010197068966e-01 -3.818700639803821462e-01 -3.818729055907041925e-01 -3.818687109681292435e-01 -3.818600123658892342e-01 -3.818491271860693925e-01 -3.818379764613824556e-01 -3.818279916291884013e-01 -3.818200981207818812e-01 -3.818147580141527109e-01 -3.818120489562004116e-01 -3.818117596490457899e-01 -3.818134864685524543e-01 -3.818167206199850061e-01 -3.818209201514769502e-01 -3.818255656690213162e-01 -3.818301988594196006e-01 -3.818344459751763509e-01 -3.818380296825618636e-01 -3.818407696180504685e-01 -3.818425773529385281e-01 -3.818434442788806171e-01 -3.818434277306590463e-01 -3.818426353416920493e-01 -3.818412084019665031e-01 -3.818393082162867547e-01 -3.818370970592123159e-01 -3.818347379860519974e-01 -3.818323745131760316e-01 -3.818301300312896829e-01 -3.818281029491180090e-01 -3.818263644457272066e-01 -3.818249589415719236e-01 -3.818239055223833223e-01 -3.818232008701420988e-01 -3.818228226759354249e-01 -3.818227343815829844e-01 -3.818228878667834225e-01 -3.818232285181949459e-01 -3.818236989603702725e-01 -3.818242424446494088e-01 -3.818248052483346755e-01 -3.818253389534496667e-01 -3.818258030206461151e-01 -3.818261636574044049e-01
4.679348156832245816e-03 -4.403887328365062581e-01 -4.405076922309951182e-01 -4.406100817614879706e-01 -4.406921516278808904e-01 -4.407523917812853909e-01 -4.407913746669482324e-01 -4.408113792345915161e-01 -4.408158691475998481e-01 -4.408089169722022027e-01 -4.407946646126659762e-01 -4.407768894735162313e-01 -4.407587116112375303e-01 -4.407424482277383371e-01 -4.407295933417958445e-01 -4.407208908389816937e-01 -4.407164639158858699e-01 -4.407159694911168546e-01 -4.407187535605216477e-01 -4.407239912949377780e-01 -4.407308032219424132e-01 -4.407383451900514504e-01 -4.407458712490035513e-01 -4.407527724272811143e-01 -4.407585961879592062e-01 -4.407630482097051328e-01 -4.407659838205796876e-01 -4.407673888981484822e-01 -4.407673569307886674e-01 -4.407660632412322976e-01 -4.407637381544671218e-01 -4.407606438408674943e-01 -4.407570460551207270e-01 -4.407532082221842784e-01 -4.407493642021636515e-01 -4.407457144180102482e-01 -4.407424185053829269e-01 -4.407395919673123830e-01 -4.407373067908691433e-01 -4.407355938989913624e-01 -4.407344478428162904e-01 -4.407338324056433998e-01 -4.407336879236585792e-01 -4.407339363949839273e-01 -4.407344891865894732e-01 -4.407352530840274452e-01 -4.407361357519407052e-01 -4.407370498585506113e-01 -4.407379167809547527e-01 -4.407386703599316946e-01 -4.407392561216751936e-01
5.484674725582132718e-03 -5.057859095333644417e-01 -5.059723526794686066e-01 -5.061332706398921077e-01 -5.062624713589425340e-01 -5.063573661208479182e-01 -5.064187438798087859e-01 -5.064501646882696440e-01 -5.064571041987474542e-01 -5.064460126529899409e-01 -5.064234423302895749e-01 -5.063953553446366440e-01 -5.063666644162846397e-01 -5.063410099398176767e-01 -5.063207346728585412e-01 -5.063070027988376687e-01 -5.063000051245268862e-01 -5.062992015396338141e-01 -5.063035639457602599e-01 -5.063117953106966995e-01 -5.063225117434096978e-01 -5.063343835763564060e-01 -5.063462346876820286e-01 -5.063571042173894421e-01 -5.063662774220714091e-01 -5.063732894205513757e-01 -5.063779113085381534e-01 -5.063801206881267669e-01 -5.063800651345122805e-01 -5.063780212290970306e-01 -5.063743525125296019e-01 -5.063694719780312825e-01 -5.063638003574176816e-01 -5.063577509576011604e-01 -5.063516927929958555e-01 -5.063459414494009270e-01 -5.063407480652384329e-01 -5.063362943878876310e-01 -5.063326935918025518e-01 -5.063299942824243116e-01 -5.063281878164940242e-01 -5.063272171874284577e-01 -5.063269881559127050e-01 -5.063273780700964233e-01 -5.063282474505858000e-01 -5.063294495044325938e-01 -5.063308386791907090e-01 -5.063322773936669297e-01 -5.063336418872871336e-01 -5.063348276254899805e-01 -5.063357493157130129e-01
6.428599847078629581e-03 -5.774665544207454593e-01 -5.777508948239878928e-01 -5.779967932898609773e-01 -5.781944656608608568e-01 -5.783397213349190658e-01 -5.784336432823127261e-01 -5.784816456704574561e-01 -5.784921290531225280e-01 -5.784750035671519797e-01 -5.784403286869014282e-01 -5.783972437467870265e-01 -5.783532668526956133e-01 -5.783139601904574434e-01 -5.782828984485948176e-01 -5.782618554172528347e-01 -5.782511195614075117e-01 -5.782498643434376140e-01 -5.782565182696751682e-01 -5.782690983953591157e-01 -5.782854880229396644e-01 -5.783036519548824250e-01 -5.783217887942510016e-01 -5.783384260739441451e-01 -5.783524677207814157e-01 -5.783632007797118169e-01 -5.783702737696237994e-01 -5.783736522209806941e-01 -5.783735623424968164e-01 -5.783704279324805020e-01 -5.783648062354830310e-01 -5.783573294566130008e-01 -5.783486438281144615e-01 -5.783393802937445427e-01 -5.783301043701990496e-01 -5.783212989903910861e-01 -5.783133482309649187e-01 -5.783065300851299995e-01 -5.783010175511754669e-01 -5.782968849137641865e-01 -5.782941188744242789e-01 -5.782926322179693379e-01 -5.782922804267387473e-01 -5.782928759874963465e-01 -5.782942055456098407e-01 -5.782960444510127918e-01 -5.782981698024811656e-01 -5.783003709929434022e-01 -5.783024586681371204e-01 -5.783042725081373181e-01 -5.783056824635798288e-01
7.534976650684235312e-03 -6.546588926070335823e-01 -6.550809152089774878e-01 -6.554464178179940648e-01 -6.557405080427518573e-01 -6.559566986692294543e-01 -6.560964615562930868e-01 -6.561678121813483422e-01 -6.561832710721242634e-01 -6.561576265950407327e-01 -6.561058832814902209e-01 -6.560416586473132305e-01 -6.559761411440787615e-01 -6.559175988139531732e-01 -6.558713399693962831e-01 -6.558399957092999610e-01 -6.558239913245996755e-01 -6.558220967292724968e-01 -6.558319752885353182e-01 -6.558506782911600608e-01 -6.558750571322435885e-01 -6.559020829168956679e-01 -6.559290733906059101e-01 -6.559538352179046239e-01 -6.559747348907148945e-01 -6.559907097832885503e-01 -6.560012355653488392e-01 -6.560062607022941750e-01 -6.560061221873244586e-01 -6.560014512542635678e-01 -6.559930781131012578e-01 -6.559819437855611834e-01 -6.559690124281361001e-01 -6.559552213745102334e-01 -6.559414130145515553e-01 -6.559283059937457416e-01 -6.559164715964002079e-01 -6.559063233386634995e-01 -6.558981184414248711e-01 -6.558919673325585009e-01 -6.558878501396384619e-01 -6.558856370925714163e-01 -6.558851128217473292e-01 -6.558859984754277228e-01 -6.558879766560752334e-01 -6.558907130498344840e-01 -6.558938757948203913e-01 -6.558971514214145815e-01 -6.559002581904199713e-01 -6.559029571659181768e-01 -6.559050553100401748e-01
8.831763444128122587e-03 -7.361377594137908931e-01 -7.367470696887756798e-01 -7.372753714712455553e-01 -7.377007597440508047e-01 -7.380135722589906688e-01 -7.382157801516101570e-01 -7.383189288234377479e-01 -7.383411497295921944e-01 -7.383038809799281621e-01 -7.382288685923993343e-01 -7.381358334977956570e-01 -7.380409645222356652e-01 -7.379562144136030399e-01 -7.378892511685231081e-01 -7.378438721208330220e-01 -7.378206880721904781e-01 -7.378179190865233883e-01 -7.378321865818835423e-01 -7.378592267682397843e-01 -7.378944857891004405e-01 -7.379335813186624904e-01 -7.379726311439159803e-01 -7.380084597505954802e-01 -7.380387012334037600e-01 -7.380618163829484324e-01 -7.380770452081178989e-01 -7.380843128475366166e-01 -7.380841072214407994e-01 -7.380773422046811305e-01 -7.380652199591476448e-01 -7.380491022272335222e-01 -7.380303865247486161e-01 -7.380104273924817937e-01 -7.379904444568664568e-01 -7.379714771589057642e-01 -7.379543525567174855e-01 -7.379396679232860246e-01 -7.379277954307470466e-01 -7.379188947101876783e-01 -7.379129369121197879e-01 -7.379097342992330111e-01 -7.379089749602524284e-01 -7.379102556518135625e-01 -7.379131172670057026e-01 -7.379170761198321493e-01 -7.379216519200950675e-01 -7.379263910856145303e-01 -7.379308860442056472e-01 -7.379347907345602531e-01 -7.379378263674811755e-01
1.035173022413477147e-02 -8.202989373090667780e-01 -8.211544320242252226e-01 -8.218968446217842505e-01 -8.224949814997216668e-01 -8.229349496212415849e-01 -8.232193423154672285e-01 -8.233643344602653569e-01 -8.233954396819089805e-01 -8.233428524092388789e-01 -8.232371968771740045e-01 -8.231062303516151202e-01 -8.229727234507164813e-01 -8.228534770965005851e-01 -8.227592628244444484e-01 -8.226954110624944416e-01 -8.226627757489449744e-01 -8.226588530826141055e-01 -8.226788935170774586e-01 -8.227169030380467873e-01 -8.227664788207723623e-01 -8.228214575392907015e-01 -8.228763776957467302e-01 -8.229267709226598670e-01 -8.229693070972625701e-01 -8.230018194906291162e-01 -8.230232377392039389e-01 -8.230334561853781539e-01 -8.230331613918021594e-01 -8.230236393007573925e-01 -8.230065817225196145e-01 -8.229839041730033777e-01 -8.229575747877568848e-01 -8.229294970634019046e-01 -8.229013871737016483e-01 -8.228747073669223644e-01 -8.228506193937672464e-01 -8.228299641990011182e-01 -8.228132645630716890e-01 -8.228007448360593612e-01 -8.227923643299008827e-01 -8.227878590165649264e-01 -8.227867899081938718e-01 -8.227885900768294736e-01 -8.227926139329866384e-01 -8.227981812142577400e-01 -8.228046162898330351e-01 -8.228112811901815427e-01 -8.228176027488528499e-01 -8.228230938855737309e-01 -8.228273629974495185e-01
1.213328677915513111e-02 -9.053286077604174586e-01 -9.064971430028750943e-01 -9.075119347664346581e-01 -9.083299035898764195e-01 -9.089317161246351917e-01 -9.093207208417648513e-01 -9.095189682043094415e-01 -9.095613659217965941e-01 -9.094892589896063084e-01 -9.093445785751097521e-01 -9.091653150517096105e-01 -9.089826177040132293e-01 -9.088194572957349893e-01 -9.086905536344516143e-01 -9.086031867203067103e-01 -9.085585189099623094e-01 -9.085531247960118018e-01 -9.085805101213078050e-01 -9.086324790891263659e-01 -9.087002758644814326e-01 -9.087754703690910096e-01 -9.088505908408983647e-01 -9.089195230413903426e-01 -9.089777091952252475e-01 -9.090221834989358207e-01 -9.090514802997222699e-01 -9.090654546304796080e-01 -9.090650458997016070e-01 -9.090520137439718207e-01 -9.090286733526737883e-01 -9.089976452021454323e-01 -9.089616240116363821e-01 -9.089232119339004656e-01 -9.088847572354099569e-01 -9.088482599815319585e-01 -9.088153089231670867e-01 -9.087870540767909455e-01 -9.087642102158636215e-01 -9.087470840282104723e-01 -9.087356197289838677e-01 -9.087294561815014715e-01 -9.087279926350754211e-01 -9.087304538373730534e-01 -9.087359568435451340e-01 -9.087435711906448610e-01 -9.087523726127724188e-01 -9.087614884602988052e-01 -9.087701348006648194e-01 -9.087776450212364798e-01 -9.087834839543434962e-01
1.422145331048033437e-02 -9.894349815943923598e-01 -9.909898444545436336e-01 -9.923409015059979632e-01 -9.934303300745453980e-01 -9.942320242836990563e-01 -9.947502310482103649e-01 -9.950142427909519638e-01 -9.950705685400632605e-01 -9.949743304329742299e-01 -9.947814304847250044e-01 -9.945425011805136828e-01 -9.942990405891416472e-01 -9.940816380994049739e-01 -9.939098877607811522e-01 -9.937934755850182933e-01 -9.937339438598934427e-01 -9.937267287816549111e-01 -9.937631816396567119e-01 -9.938323878579159443e-01 -9.939226859328780250e-01 -9.940228464162292887e-01 -9.941229146710579556e-01 -9.942147434431577446e-01 -9.942922584051896440e-01 -9.943515065129452379e-01 -9.943905337118432719e-01 -9.944091463814009879e-01 -9.944085962146130830e-01 -9.943912280161797401e-01 -9.943601270022494054e-01 -9.943187844007026488e-01 -9.942707925381961687e-01 -9.942196163868376457e-01 -9.941683849128530870e-01 -9.941197624038682346e-01 -9.940758649330270202e-01 -9.940382241843069844e-01 -9.940077919990375488e-01 -9.939849767159206761e-01 -9.939697038761705628e-01 -9.939614924089069659e-01 -9.939595417737058236e-01 -9.939628194464270594e-01 -9.939701493301961177e-01 -9.939802919435456463e-01 -9.939920159628443663e-01 -9.940041589184390736e-01 -9.940156765792972360e-01 -9.940256805632911030e-01 -9.940334584010139807e-01
1.666899809947911329e-02 -1.071080167005700634e+00 -1.073100155443358128e+00 -1.074856166055915496e+00 -1.076272555239953022e+00 -1.077315013033206759e+00 -1.077988843066090663e+00 -1.078332053378199040e+00 -1.078405130412559920e+00 -1.078279798163384706e+00 -1.078028792648683343e+00 -1.077717976772853747e+00 -1.077401313772220925e+00 -1.077118568065537962e+00 -1.076895202701832810e+00 -1.076743800232753623e+00 -1.076666359868517775e+00 -1.076656946595624831e+00 -1.076704317013020828e+00 -1.076794282184114104e+00 -1.076911680936876392e+00 -1.077041911956905684e+00 -1.077172029715933732e+00 -1.077291437808849173e+00 -1.077392234848531860e+00 -1.077469278293165633e+00 -1.077520025657790592e+00 -1.077544224645210269e+00 -1.077543503125530489e+00 -1.077520910926260900e+00 -1.077480460861976130e+00 -1.077426693082781384e+00 -1.077364281303779148e+00 -1.077297729749866928e+00 -1.077231107754105466e+00 -1.077167879662076055e+00 -1.077110796688773409e+00 -1.077061850193218540e+00 -1.077022277527230232e+00 -1.076992609435401649e+00 -1.076972748939632130e+00 -1.076962070513206360e+00 -1.076959532980484191e+00 -1.076963793934795133e+00 -1.076973324154516076e+00 -1.076986511933134105e+00 -1.077001756107850872e+00 -1.077017545145411592e+00 -1.077032521284254862e+00 -1.077045528969457600e+00 -1.077055642153189607e+00
1.953777096998069243e-02 -1.149150408078564167e+00 -1.151720150990031666e+00 -1.153954868085756313e+00 -1.155757787529401837e+00 -1.157084866638820264e+00 -1.157942648310990696e+00 -1.158379448936822431e+00 -1.158472288942975714e+00 -1.158312527356535337e+00 -1.157992805209341114e+00 -1.157596990412140592e+00 -1.157193779639779097e+00 -1.156833780569077152e+00 -1.156549391856311670e+00 -1.156356618886720256e+00 -1.156258000760522764e+00 -1.156245981893695873e+00 -1.156306252183072480e+00 -1.156420752431168264e+00 -1.156570184501453546e+00 -1.156735960930358242e+00 -1.156901600185387124e+00 -1.157053610145201583e+00 -1.157181929275415966e+00 -1.157280008558453144e+00 -1.157344609871787666e+00 -1.157375411535679577e+00 -1.157374486163785576e+00 -1.157345717234550708e+00 -1.157294214165503377e+00 -1.157225757116466358e+00 -1.157146298282877517e+00 -1.157061570379263937e+00 -1.156976754299567034e+00 -1.156896260137416643e+00 -1.156823589893460014e+00 -1.156761278272500748e+00 -1.156710900103234518e+00 -1.156673130804721339e+00 -1.156647846761450049e+00 -1.156634251704683480e+00 -1.156631020036645197e+00 -1.156636443036230810e+00 -1.156648574006301944e+00 -1.156665361197302788e+00 -1.156684766305667411e+00 -1.156704865193308507e+00 -1.156723929477394108e+00 -1.156740487712854648e+00 -1.156753361336565700e+00
2.290026624259729540e-02 -1.223031924364070822e+00 -1.226243665294789897e+00 -1.229037445835218456e+00 -1.231291758855106444e+00 -1.232951178405873538e+00 -1.234023706932511955e+00 -1.234569722349055487e+00 -1.234685573616838505e+00 -1.234485559688649481e+00 -1.234085566884497887e+00 -1.233590483336263199e+00 -1.233086203446899676e+00 -1.232635990827736894e+00 -1.232280339306758510e+00 -1.232039249865315877e+00 -1.231915892422015490e+00 -1.231900820243076122e+00 -1.231976143358349152e+00 -1.232119283996614634e+00 -1.232306113525087898e+00 -1.232513389775224066e+00 -1.232720501915543387e+00 -1.232910576173264383e+00 -1.233071028481460329e+00 -1.233193667314491426e+00 -1.233274442431198326e+00 -1.233312951221473330e+00 -1.233311785697621676e+00 -1.233275803009744820e+00 -1.233211392977298759e+00 -1.233125783586178859e+00 -1.233026419849046595e+00 -1.232920468776661505e+00 -1.232814408950067442e+00 -1.232713754658368854e+00 -1.232622884474593672e+00 -1.232544967457194662e+00 -1.232481972479013699e+00 -1.232434743798404675e+00 -1.232403126787213088e+00 -1.232386125840120528e+00 -1.232382083340012979e+00 -1.232388862864197465e+00 -1.232404030215948021e+00 -1.232425019831945079e+00 -1.232449282997974738e+00 -1.232474413916119893e+00 -1.232498251447422533e+00 -1.232518955244273240e+00 -1.232535051836548545e+00
2.684145467707668015e-02 -1.292597490438955443e+00 -1.296554197556823773e+00 -1.299996700637870539e+00 -1.302774721694290871e+00 -1.304819628682910349e+00 -1.306141160071472074e+00 -1.306813738223695731e+00 -1.306956172870534560e+00 -1.306709391389597075e+00 -1.306216244391931181e+00 -1.305605993060949377e+00 -1.304984468489358340e+00 -1.304429605239111334e+00 -1.303991282146215180e+00 -1.303694133772717700e+00 -1.303542063074631052e+00 -1.303523431699054491e+00 -1.303616198964428818e+00 -1.303792546806968655e+00 -1.304022743560408371e+00 -1.304278147461963133e+00 -1.304533357302567920e+00 -1.304767576233496484e+00 -1.304965294053256564e+00 -1.305116413910274442e+00 -1.305215943925092548e+00 -1.305263387849738166e+00 -1.305261940336032378e+00 -1.305217588231720516e+00 -1.305138206376184273e+00 -1.305032701904468073e+00 -1.304910251204508320e+00 -1.304779684650097860e+00 -1.304648985615943335e+00 -1.304524948949354002e+00 -1.304412969857309479e+00 -1.304316953071973373e+00 -1.304239324412332923e+00 -1.304181124118825919e+00 -1.304142161414216794e+00 -1.304121209623164468e+00 -1.304116226151907476e+00 -1.304124578529637590e+00 -1.304143267069483692e+00 -1.304169130222788908e+00 -1.304199027372005215e+00 -1.304229994142495297e+00 -1.304259367486094723e+00 -1.304284879105341188e+00 -1.304304713398968474e+00
3.146093069614236404e-02 -1.358134043268476310e+00 -1.362953575066422562e+00 -1.367147381843355936e+00 -1.370531770947012840e+00 -1.373022839023625430e+00 -1.374632417915238047e+00 -1.375451281604965104e+00 -1.375624306262613228e+00 -1.375323270943636711e+00 -1.374722235326748754e+00 -1.373978653821753104e+00 -1.373221412733212299e+00 -1.372545412003330689e+00 -1.372011385253227633e+00 -1.371649328803485224e+00 -1.371463996398670782e+00 -1.371441216725762136e+00 -1.371554147833547566e+00 -1.371768907848640362e+00 -1.372049279989159043e+00 -1.372360372084738156e+00 -1.372671237372520059e+00 -1.372956537495549023e+00 -1.373197375272593668e+00 -1.373381448573931518e+00 -1.373502676261136868e+00 -1.373560454175940748e+00 -1.373558674803181834e+00 -1.373504632895281796e+00 -1.373407921828690315e+00 -1.373279391801486504e+00 -1.373130222683527357e+00 -1.372971169485604159e+00 -1.372811956569856440e+00 -1.372660860547741724e+00 -1.372524452922107008e+00 -1.372407489676346737e+00 -1.372312925461719457e+00 -1.372242027270619724e+00 -1.372194562648568983e+00 -1.372169037599801689e+00 -1.372162964156875997e+00 -1.372173135819409806e+00 -1.372195898405172310e+00 -1.372227400603722502e+00 -1.372263816870823439e+00 -1.372301536498673036e+00 -1.372337315597240259e+00 -1.372368390528062143e+00 -1.372392549654329663e+00
3.687542915149005091e-02 -1.420246702764629942e+00 -1.426066851267986824e+00 -1.431131848471469681e+00 -1.435219106822441137e+00 -1.438227058454599749e+00 -1.440170102961248588e+00 -1.441158117156921437e+00 -1.441366290973154163e+00 -1.441002198053992434e+00 -1.440276054810223805e+00 -1.439377951254651622e+00 -1.438463451591188047e+00 -1.437647086442448874e+00 -1.437002152982263192e+00 -1.436564857558799702e+00 -1.436340943746446275e+00 -1.436313311188080366e+00 -1.436449560166373596e+00 -1.436708785934421861e+00 -1.437047258296684671e+00 -1.437422842291793179e+00 -1.437798164607354101e+00 -1.438142623973783341e+00 -1.438433398815813780e+00 -1.438655632219163261e+00 -1.438801981976433497e+00 -1.438871719746476874e+00 -1.438869547092733736e+00 -1.438804274466593425e+00 -1.438687485937841792e+00 -1.438532282182529487e+00 -1.438352163351711788e+00 -1.438160113296357512e+00 -1.437967872305996764e+00 -1.437785432859632007e+00 -1.437620728830592221e+00 -1.437479502107796403e+00 -1.437365319900331340e+00 -1.437279711932042403e+00 -1.437222397587319955e+00 -1.437191573389610788e+00 -1.437184235664126231e+00 -1.437196513054075142e+00 -1.437223993211292905e+00 -1.437262025811613775e+00 -1.437305991977950725e+00 -1.437351532391836662e+00 -1.437394730348284355e+00 -1.437432248373558874e+00 -1.437461416011219573e+00
4.322177523099457463e-02 -1.479765863277132887e+00 -1.486750314491562364e+00 -1.492828872439570631e+00 -1.497733451501249258e+00 -1.501341998887348872e+00 -1.503672125526753778e+00 -1.504856162979239631e+00 -1.505104710244341559e+00 -1.504667015812538589e+00 -1.503795310334485436e+00 -1.502717563178881610e+00 -1.501620286024476725e+00 -1.500640780945214026e+00 -1.499866924231909371e+00 -1.499342135277332844e+00 -1.499073314526284673e+00 -1.499039967576539567e+00 -1.499203243430671906e+00 -1.499514079881037576e+00 -1.499920016034648196e+00 -1.500370498793085039e+00 -1.500820684342145217e+00 -1.501233853714643018e+00 -1.501582624321294857e+00 -1.501849170961251145e+00 -1.502024687282467186e+00 -1.502108302072302726e+00 -1.502105658141658751e+00 -1.502027327653161048e+00 -1.501887207554873926e+00 -1.501701012625345388e+00 -1.501484937683961407e+00 -1.501254555005230307e+00 -1.501023945870058940e+00 -1.500805095279079238e+00 -1.500607519158252412e+00 -1.500438104836513631e+00 -1.500301130106187042e+00 -1.500198431282272704e+00 -1.500129671644287566e+00 -1.500092688420091136e+00 -1.500083879040823742e+00 -1.500098599897350171e+00 -1.500131557920774572e+00 -1.500177174560981319e+00 -1.500229909291919128e+00 -1.500284533095356032e+00 -1.500336347626155309e+00 -1.500381348791814728e+00 -1.500416333115516920e+00
5.066034205172439964e-02 -1.537671405780888900e+00 -1.546016894062564484e+00 -1.553280088754054100e+00 -1.559139301757139329e+00 -1.563448623264794834e+00 -1.566229768700671432e+00 -1.567641682016030380e+00 -1.567936577430258493e+00 -1.567412466901217272e+00 -1.566370606003376187e+00 -1.565083092590932479e+00 -1.563772465866940298e+00 -1.562602536377111440e+00 -1.561678161007447496e+00 -1.561051170737694616e+00 -1.560729826436167755e+00 -1.560689688250478824e+00 -1.560884389538032879e+00 -1.561255355108454923e+00 -1.561739936008663454e+00 -1.562277751531436776e+00 -1.562815235890200327e+00 -1.563308528007192777e+00 -1.563724921841344706e+00 -1.564043129706677693e+00 -1.564252638494576964e+00 -1.564352412678436943e+00 -1.564349195303018858e+00 -1.564255614727076082e+00 -1.564088266473032007e+00 -1.563865914232201781e+00 -1.563607894603163295e+00 -1.563332797844668054e+00 -1.563057434541888391e+00 -1.562796112692208972e+00 -1.562560192832183281e+00 -1.562357897228601411e+00 -1.562194334744974267e+00 -1.562071696904842710e+00 -1.561989582742162153e+00 -1.561945410687462177e+00 -1.561934879853519087e+00 -1.561952446207455658e+00 -1.561991789612835024e+00 -1.562046248841105989e+00 -1.562109208158913853e+00 -1.562174423878844198e+00 -1.562236285844259998e+00 -1.562290012531324157e+00 -1.562331778849498587e+00
5.937910331265813801e-02 1.546554786647106550e+00 1.536609567593190340e+00 1.527954221732974460e+00 1.520974143033014592e+00 1.515843161005707707e+00 1.512534194193106529e+00 1.510856449151336989e+00 1.510508439524125945e+00 1.511134754895538723e+00 1.512376645867250069e+00 1.513910378037815585e+00 1.515471299884097345e+00 1.516864621005730829e+00 1.517965627257592764e+00 1.518712633694932146e+00 1.519095767875760616e+00 1.519144071086597325e+00 1.518912702919289259e+00 1.518471384238241129e+00 1.517894710463066010e+00 1.517254592020794490e+00 1.516614829866057335e+00 1.516027666060742796e+00 1.515532052787517570e+00 1.515153337648909915e+00 1.514904032755953978e+00 1.514785362555203463e+00 1.514789290684725565e+00 1.514900776396383320e+00 1.515100059686407263e+00 1.515364803702334617e+00 1.515671991772160832e+00 1.515999498450376182e+00 1.516327316288936800e+00 1.516638416651259869e+00 1.516919278411498428e+00 1.517160114822531991e+00 1.517354844212735587e+00 1.517500856915141805e+00 1.517598629045492808e+00 1.517651232605235823e+00 1.517663786804524406e+00 1.517642891100877467e+00 1.517596069142383097e+00 1.517531250993078062e+00 1.517456312883468827e+00 1.517378688147395849e+00 1.517305055717384610e+00 1.517241107911578180e+00 1.517191397846970435e+00
6.959838341824450825e-02 1.488594677711430059e+00 1.476757593804609137e+00 1.466456127511256646e+00 1.458152239956285179e+00 1.452052649645001470e+00 1.448123077800615999e+00 1.446134141438591536e+00 1.445725499780063483e+00 1.446473725056027115e+00 1.447952278090339107e+00 1.449776718973263989e+00 1.451632957691496362e+00 1.453289838217330043e+00 1.454599316321206315e+00 1.455488104936821347e+00 1.455944407102314875e+00 1.456002654625708548e+00 1.455728345243512134e+00 1.455204326220085775e+00 1.454519278089742684e+00 1.453758714521988571e+00 1.452998514800991625e+00 1.452300810996075997e+00 1.451711923923349357e+00 1.451261986165136797e+00 1.450965862769916459e+00 1.450824995274735851e+00 1.450829817821574608e+00 1.450962445208687113e+00 1.451199387759615878e+00 1.451514099377186007e+00 1.451879230624532946e+00 1.452268494069402394e+00 1.452658118811965604e+00 1.453027873586688168e+00 1.453361692976711916e+00 1.453647947524568274e+00 1.453879409340470552e+00 1.454052975419407812e+00 1.454169209434786669e+00 1.454231760419109287e+00 1.454246711169644213e+00 1.454221904018855316e+00 1.454166280156835578e+00 1.454089264574946139e+00 1.454000219097904889e+00 1.453907979335817169e+00 1.453820483814637576e+00 1.453744497968562088e+00 1.453685432932680710e+00
8.157642510914044076e-02 1.428873634934179515e+00 1.414783828911627017e+00 1.402522479080044349e+00 1.392644837776897404e+00 1.385396650105221061e+00 1.380733731310017642e+00 1.378379291667513051e+00 1.377901974692097298e+00 1.378797114078370134e+00 1.380557742147990652e+00 1.382727685958008657e+00 1.384934555387811184e+00 1.386904331225855991e+00 1.388461440307565686e+00 1.389518862468571037e+00 1.390062478624354725e+00 1.390133051915211970e+00 1.389808289119198514e+00 1.389186580220194589e+00 1.388373312475678967e+00 1.387470151061938051e+00 1.386567325348586177e+00 1.385738716522991520e+00 1.385039393681101183e+00 1.384505164200450889e+00 1.384153676895875540e+00 1.383986621479009971e+00 1.383992609700314569e+00 1.384150376476315225e+00 1.384432008728727626e+00 1.384805973135041945e+00 1.385239789806966382e+00 1.385702244798143745e+00 1.386165113305416030e+00 1.386604373946789703e+00 1.387000951049539799e+00 1.387341033741631202e+00 1.387616036119186935e+00 1.387822269785620843e+00 1.387960400835313024e+00 1.388034760647051558e+00 1.388052572656549799e+00 1.388023151227883112e+00 1.387957116900477850e+00 1.387865665764999257e+00 1.387759919794459229e+00 1.387650376667043162e+00 1.387546467793333349e+00 1.387456230286991499e+00 1.387386091724441384e+00
9.561591529499137432e-02 1.366205078209285384e+00 1.349412263632904452e+00 1.334799243152479775e+00 1.323036920203394695e+00 1.314417815347040497e+00 1.308883786240291780e+00 1.306098813627059041e+00 1.305544790255567023e+00 1.306619142992168747e+00 1.308718829759437430e+00 1.311302474197429069e+00 1.313928627390715143e+00 1.316272513985541348e+00 1.318125913591524423e+00 1.319385454950616321e+00 1.320034181628466641e+00 1.320120318408609217e+00 1.319736076930449808e+00 1.318998370863345926e+00 1.318032536519700759e+00 1.316959549441525157e+00 1.315886804794008658e+00 1.314902238231130394e+00 1.314071376391755308e+00 1.313436799469615890e+00 1.313019468063772788e+00 1.312821355019956338e+00 1.312828885960319880e+00 1.313016757211237673e+00 1.313351777540995080e+00 1.313796467934626788e+00 1.314312235465040279e+00 1.314861999479957744e+00 1.315412232595857267e+00 1.315934400202008581e+00 1.316405840395366678e+00 1.316810142462123245e+00 1.317137099547516899e+00 1.317382323492454876e+00 1.317546600578849869e+00 1.317635073703025350e+00 1.317656324714143956e+00 1.317621422746289905e+00 1.317542991680622499e+00 1.317434341348730609e+00 1.317308694363072519e+00 1.317178530733113639e+00 1.317055062799004084e+00 1.316947844988988869e+00 1.316864517400142764e+00
1.120716339980260545e-01 1.299394732942697139e+00 1.279330650529002744e+00 1.261870745612166500e+00 1.247832505120820556e+00 1.237565293832509239e+00 1.230990821580478345e+00 1.227697589466916872e+00 1.227059983083008232e+00 1.228356189932360065e+00 1.230867536497392223e+00 1.233950851675618576e+00 1.237082485826729306e+00 1.239877293826344928e+00 1.242088150622253417e+00 1.243592095717933832e+00 1.244368669102904335e+00 1.244474927716043400e+00 1.244020402127664404e+00 1.243144222394601872e+00 1.241995721902954486e+00 1.240719146825024932e+00 1.239442596539269470e+00 1.238270955807478035e+00 1.237282353896637099e+00 1.236527526989489534e+00 1.236031406604332528e+00 1.235796284166477799e+00 1.235805935731108196e+00 1.236030186695149302e+00 1.236429497752719708e+00 1.236959250174527680e+00 1.237573517398603773e+00 1.238228185275652926e+00 1.238883369526731171e+00 1.239505126048997541e+00 1.240066494670310826e+00 1.240547947812335794e+00 1.240937336238464805e+00 1.241229430550412793e+00 1.241425158395150330e+00 1.241530633851015697e+00 1.241556067178319900e+00 1.241514633105855525e+00 1.241421360816321817e+00 1.241292098517784215e+00 1.241142591617300228e+00 1.240987701530671838e+00 1.240840780002596455e+00 1.240713204035428507e+00 1.240614068690031102e+00
1.313594196974176009e-01 1.227253376596848744e+00 1.203192136257442701e+00 1.182250799143846010e+00 1.165437972083781748e+00 1.153173455003043468e+00 1.145349237384271301e+00 1.141455396917144371e+00 1.140730791624160023e+00 1.142306593059898123e+00 1.145323754035086239e+00 1.149016721578557165e+00 1.152763537247577297e+00 1.156106936668745089e+00 1.158753207321356449e+00 1.160555776452915300e+00 1.161489791745090816e+00 1.161622777644321092e+00 1.161085068999948788e+00 1.160042643276251617e+00 1.158673945506001113e+00 1.157151522419280543e+00 1.155628682867958057e+00 1.154230952590261650e+00 1.153051797576790660e+00 1.152151848348411445e+00 1.151560829575226652e+00 1.151281383173455630e+00 1.151294038570423561e+00 1.151562695803226122e+00 1.152040115255324348e+00 1.152673035724290029e+00 1.153406666015257986e+00 1.154188395075844031e+00 1.154970670885150374e+00 1.155713023256579541e+00 1.156383302389804024e+00 1.156958213881951636e+00 1.157423256239902054e+00 1.157772177952487214e+00 1.158006072236446915e+00 1.158132223310867293e+00 1.158162808371133945e+00 1.158113548015486938e+00 1.158002381486266108e+00 1.157848229904721027e+00 1.157669893485542945e+00 1.157485117082685866e+00 1.157309844475531868e+00 1.157157660120131881e+00 1.157039423207013806e+00
1.539666776300078199e-01 1.148611453356243928e+00 1.119614303971936842e+00 1.094366118489753292e+00 1.074133989031084813e+00 1.059427407222608419e+00 1.050093570857765668e+00 1.045490893312006175e+00 1.044683852819789038e+00 1.046619707366666319e+00 1.050267326998653106e+00 1.054713109553571559e+00 1.059216946126332770e+00 1.063235060220185657e+00 1.066417690146241215e+00 1.068589612281635182e+00 1.069720396732020573e+00 1.069889984579320386e+00 1.069253853666716658e+00 1.068010693038268011e+00 1.066374604744556143e+00 1.064552916170018237e+00 1.062729974082285977e+00 1.061056725952801871e+00 1.059645485167030499e+00 1.058569011979255237e+00 1.057862866477316199e+00 1.057530064281350546e+00 1.057547107234184658e+00 1.057870609140493912e+00 1.058443901016757227e+00 1.059203166963457399e+00 1.060082811503408884e+00 1.061019880101183199e+00 1.061957487066053751e+00 1.062847220402582948e+00 1.063650613495443320e+00 1.064339782737118156e+00 1.064897355871356144e+00 1.065315828530186915e+00 1.065596488110470696e+00 1.065748039277865988e+00 1.065785054428022738e+00 1.065726359371479637e+00 1.065593446439830227e+00 1.065408990039528048e+00 1.065195523793835086e+00 1.064974322526583084e+00 1.064764498889680500e+00 1.064582334966167609e+00 1.064440843140827653e+00
1.804646965937288794e-01 1.062337057040621202e+00 1.027175609397958711e+00 9.965294124696145728e-01 9.720312486483013714e-01 9.543098018200628641e-01 9.431431846363075300e-01 9.377082957660557438e-01 9.368400863023801373e-01 9.392517799899752218e-01 9.436988898512526092e-01 9.490875251442068006e-01 9.545351080348558614e-01 9.593937077313500206e-01 9.632458120353492026e-01 9.658811971489162929e-01 9.672622234003132036e-01 9.674836361673913032e-01 9.667314846624450730e-01 9.652446415614126529e-01 9.632813511578333099e-01 9.610921995593847411e-01 9.589002321560694542e-01 9.568881097844863515e-01 9.551916370019984948e-01 9.538986070187505106e-01 9.530517379836229708e-01 9.526544189082201131e-01 9.526780817166763393e-01 9.530702700045090570e-01 9.537626410421800038e-01 9.546783590521766838e-01 9.557385343836093394e-01 9.568675122483155659e-01 9.579969428869443693e-01 9.590686583626932826e-01 9.600364351648221772e-01 9.608667480705449515e-01 9.615386882111053302e-01 9.620431996231191274e-01 9.623817973392946312e-01 9.625649250616329367e-01 9.626100990253366740e-01 9.625399695477419026e-01 9.623804112919536191e-01 9.621587344597802849e-01 9.619020859831627357e-01 9.616360920913242794e-01 9.613837785620448217e-01 9.611647584425422330e-01 9.609947011573024556e-01
1.985111662531017507e-01 1.006439734775587569e+00 9.668295510057979270e-01 9.322687380623877473e-01 9.046897138911264014e-01 8.848138909769563965e-01 8.723604149747357095e-01 8.663625586427876613e-01 8.654806448676694020e-01 8.682557527777217121e-01 8.732903485757083084e-01 8.793633258362688609e-01 8.854925813527950718e-01 8.909577347549498816e-01 8.952939763664877759e-01 8.982663113186710735e-01 8.998316701125661510e-01 9.000949809608131957e-01 8.992638655950133675e-01 8.976058487921968476e-01 8.954108068966609713e-01 8.929604447854336824e-01 8.905057279149343197e-01 8.882522305978333144e-01 8.863527119698522139e-01 8.849057995708372593e-01 8.839593321587984054e-01 8.835168947628124769e-01 8.835462044877794296e-01 8.839882459023507000e-01 8.847663026466738856e-01 8.857942363773453343e-01 8.869836848116772199e-01 8.882499575900644206e-01 8.895165689149441279e-01 8.907184289566233426e-01 8.918037944509091819e-01 8.927351173533577544e-01 8.934889525813473066e-01 8.940551255584153756e-01 8.944353055547583642e-01 8.946411701786997073e-01 8.946923325788296300e-01 8.946141724174240251e-01 8.944356957577721534e-01 8.941875279224050788e-01 8.939001188452785351e-01 8.936022172253657025e-01 8.933196471849763620e-01 8.930744007280781993e-01 8.928840422097835683e-01
2.217884966833073568e-01 9.371692487321329201e-01 8.915056997068047107e-01 8.515845092685098150e-01 8.198026503984835456e-01 7.970201255270239482e-01 7.828628590399273612e-01 7.761504420186520203e-01 7.752929307191224195e-01 7.785920827490813156e-01 7.844428705986102868e-01 7.914549281627426547e-01 7.985151188698232927e-01 8.048078169331251974e-01 8.098057871881734204e-01 8.132410392250575271e-01 8.150630282960158457e-01 8.153898993397088457e-01 8.144579102513938018e-01 8.125730367079430083e-01 8.100679722141047590e-01 8.072668477307365364e-01 8.044587760706133350e-01 8.018806056311543751e-01 7.997081906863797718e-01 7.980548393296958976e-01 7.969752413271266045e-01 7.964731741237582874e-01 7.965112847295222620e-01 7.970216657483051304e-01 7.979162514969172504e-01 7.990963336406727846e-01 8.004607790748990981e-01 8.019127344763404830e-01 8.033647599247710769e-01 8.047424532987048629e-01 8.059866692895304441e-01 8.070544676798854233e-01 8.079190176340784735e-01 8.085686429204451686e-01 8.090052078132402569e-01 8.092420382776375209e-01 8.093015609058746840e-01 8.092128255547751392e-01 8.090090550988503493e-01 8.087253384997811212e-01 8.083965777399213515e-01 8.080557366018715770e-01 8.077324256782169032e-01 8.074518580986334015e-01 8.072341651621444125e-01
2.450658271135129629e-01 8.706546379283299775e-01 8.185706776378290916e-01 7.729100495200493803e-01 7.366464239930375912e-01 7.108063682322544041e-01 6.948999097562346128e-01 6.874953343022893737e-01 6.867201234414915811e-01 6.906151960039899063e-01 6.973560849714862675e-01 7.053774710416629290e-01 7.134323209028751167e-01 7.206080241748555881e-01 7.263135912963194496e-01 7.302470204054090086e-01 7.323495305587174320e-01 7.327524745053253241e-01 7.317216537884907446e-01 7.296033845409225504e-01 7.267757105949700369e-01 7.236078311997025114e-01 7.204295013196880815e-01 7.175109224912373795e-01 7.150525616461635980e-01 7.131833587230564930e-01 7.119652732251740002e-01 7.114021948662223593e-01 7.114512697547225040e-01 7.120350805572935871e-01 7.130535230122280188e-01 7.143946285920237393e-01 7.159438703529069636e-01 7.175916743092977113e-01 7.192391745506074852e-01 7.208022530711158948e-01 7.222140080487998715e-01 7.234258333763637916e-01 7.244073170520755056e-01 7.251451750154813691e-01 7.256414470730371269e-01 7.259111831794292646e-01 7.259797671785588324e-01 7.258801152791400924e-01 7.256498997034368514e-01 7.253289334981668501e-01 7.249568245831684576e-01 7.245709770168430319e-01 7.242049871838222019e-01 7.238874547407732063e-01 7.236412043602148403e-01
2.683431575437185690e-01 8.065526093161732302e-01 7.476724633781821616e-01 6.958602472555033280e-01 6.548111493226711488e-01 6.257555871565106953e-01 6.080603290770170144e-01 5.999978892370922967e-01 5.993756255717034298e-01 6.039497718794328840e-01 6.116641804887039680e-01 6.207727686012579627e-01 6.298920808070248567e-01 6.380114159773514482e-01 6.444750203472104921e-01 6.489456382182636762e-01 6.513554142286095416e-01 6.518489883182664313e-01 6.507228077770476071e-01 6.483653671985641909e-01 6.452025129528743408e-01 6.416513318736002391e-01 6.380850445796913961e-01 6.348096248793348995e-01 6.320518824496790256e-01 6.299573219027745363e-01 6.285954576919764447e-01 6.279701252403776524e-01 6.280325554096538587e-01 6.286952363500858398e-01 6.298453754916853997e-01 6.313570722585143402e-01 6.331017092356865383e-01 6.349563496453879408e-01 6.368101222891633384e-01 6.385687190915780853e-01 6.401571392943393723e-01 6.415208624892765332e-01 6.426257399458102926e-01 6.434568197440554416e-01 6.440163438850373678e-01 6.443211509503862233e-01 6.443997066332769474e-01 6.442889850816061470e-01 6.440312631562167267e-01 6.436713607678540283e-01 6.432538284496698289e-01 6.428207612545593364e-01 6.424099689104686428e-01 6.420536319874746711e-01 6.417774238240084861e-01
2.916204879739241473e-01 7.446023753749587692e-01 6.785460331266308653e-01 6.201327444557027668e-01 5.739661039077181837e-01 5.415290742869933727e-01 5.220127378987317046e-01 5.133403035832011518e-01 5.129557602067059685e-01 5.183048221374098041e-01 5.270862402632937593e-01 5.373677668542818919e-01 5.476280243105324796e-01 5.567572402574139101e-01 5.640337950568931058e-01 5.690843546428048239e-01 5.718314739951462222e-01 5.724328925949018210e-01 5.712163717806162389e-01 5.686145311628517662e-01 5.651038940589070414e-01 5.611526580292994781e-01 5.571804211033084542e-01 5.535312951178793517e-01 5.504601999934251033e-01 5.481303397433954228e-01 5.466192686125708189e-01 5.459307219729331306e-01 5.460094936786674680e-01 5.467572226412119596e-01 5.480476022892193377e-01 5.497400404197781976e-01 5.516911597450984139e-01 5.537640746615229981e-01 5.558354223813863904e-01 5.578002743094888638e-01 5.595751328982512263e-01 5.610992460008167315e-01 5.623345027207615754e-01 5.632641787913658105e-01 5.638907061082905070e-01 5.642328022422006262e-01 5.643221808952058050e-01 5.642000668778182071e-01 5.639137192825895983e-01 5.635131394053084497e-01 5.630481056339075030e-01 5.625656400153489223e-01 5.621079692618662360e-01 5.617110397097881958e-01 5.614035232048384394e-01
3.148978184041297812e-01 6.845997944851741623e-01 6.109874152992822438e-01 5.454801256428469802e-01 4.938294766818793757e-01 4.578356627905108556e-01 4.364741673159068247e-01 4.272547751754671164e-01 4.272088417153535600e-01 4.334419968515136334e-01 4.433947152462633934e-01 4.549438285241035329e-01 4.664282867140890354e-01 4.766390832743147565e-01 4.847885739834522090e-01 4.904662897040808489e-01 4.935841478524153336e-01 4.943129770711948701e-01 4.930129596810335357e-01 4.901627390856465039e-01 4.862921402218099987e-01 4.819237231982698710e-01 4.775268171222512015e-01 4.734865674634233801e-01 4.700879717290266102e-01 4.675129430290719812e-01 4.658474104861712872e-01 4.650948575118274420e-01 4.651931842479363755e-01 4.660325452560558079e-01 4.674723717276545454e-01 4.693565245268827013e-01 4.715260540316590920e-01 4.738294523583796436e-01 4.761302971522580751e-01 4.783125831563675434e-01 4.802839820916873781e-01 4.819772774266445348e-01 4.833502466815601806e-01 4.843842652544059768e-01 4.850819005581491483e-01 4.854637963674868772e-01 4.855650620585555410e-01 4.854313985360962369e-01 4.851152444649732831e-01 4.846721173076629086e-01 4.841573101425175052e-01 4.836230650112439688e-01 4.831163002545350027e-01 4.826769271301130093e-01 4.823367533108726124e-01
3.381751488343354151e-01 6.263854444252766607e-01 5.448420880575649550e-01 4.716954475282725823e-01 4.141517851640491021e-01 3.744135511046546849e-01 3.511915613375408696e-01 3.415055117455508826e-01 3.419159702657956768e-01 3.491573681022258624e-01 3.603974069985064199e-01 3.733174883045695114e-01 3.861168796719623986e-01 3.974872745661193196e-01 4.065746045630225236e-01 4.129309128267978912e-01 4.164568748241728180e-01 4.173358236757765960e-01 4.159610264705030924e-01 4.128593025216794610e-01 4.086169935507341089e-01 4.038144012410893047e-01 3.989738959323413936e-01 3.945245918407148111e-01 3.907837859262119906e-01 3.879534991583248327e-01 3.861284774003718723e-01 3.853116387974006574e-01 3.854333750089197763e-01 3.863715690405828962e-01 3.879705556470379180e-01 3.900578952503125363e-01 3.924583873196281214e-01 3.950051901111007457e-01 3.975481708320840468e-01 3.999597549219892634e-01 4.021384008743432714e-01 4.040101364402937101e-01 4.055284352834950812e-01 4.066727095449334528e-01 4.074457044267890127e-01 4.078700781396986663e-01 4.079844430601028971e-01 4.078391607113669992e-01 4.074921109433713440e-01 4.070046166826722933e-01 4.064377806406061500e-01 4.058493464688644470e-01 4.052911729826759735e-01 4.048073636322198632e-01 4.044330502793905824e-01
3.614524792645409934e-01 5.698405086880494741e-01 4.800024048798092191e-01 3.986063457882788597e-01 3.347065870333584270e-01 2.910196123137339108e-01 2.659308992760016088e-01 2.558767011753088072e-01 2.568805089597668290e-01 2.652696566137675571e-01 2.779255021743639587e-01 2.923298731190904776e-01 3.065422907647823436e-01 3.191565848594161703e-01 3.292524299689365552e-01 3.363435179300093836e-01 3.403186202074640621e-01 3.413735729199282587e-01 3.399352005659421194e-01 3.365803072219820669e-01 3.319548783703128447e-01 3.267009142596972726e-01 3.213976406516659834e-01 3.165211320529685013e-01 3.124232605584122413e-01 3.093274898206923029e-01 3.073379250766959947e-01 3.064568573727411427e-01 3.066064689005268962e-01 3.076514420403890782e-01 3.094201094976307687e-01 3.117228613006085558e-01 3.143674593441139753e-01 3.171711061859872616e-01 3.199694467514189178e-01 3.226227926813606817e-01 3.250199522297467780e-01 3.270799028123307362e-01 3.287516149150653821e-01 3.300124322032967905e-01 3.308652621675245986e-01 3.313348721228415172e-01 3.314635849225742725e-01 3.313066626571723461e-01 3.309276508088549451e-01 3.303939643384093960e-01 3.297728240755860019e-01 3.291277706206024445e-01 3.285158684523747930e-01 3.279856358372830738e-01 3.275757012745545427e-01
3.847298096947465718e-01 5.148892821846083878e-01 4.164105594352502937e-01 3.260748557597736297e-01 2.552862855648796447e-01 2.074229898733424837e-01 1.804700520034239197e-01 1.701660342740990983e-01 1.719199969864286248e-01 1.816135412023041074e-01 1.958264427259057416e-01 2.118385709866168476e-01 2.275704579249256398e-01 2.415194433237791982e-01 2.527000700479345996e-01 2.605873343909779205e-01 2.650570203091158761e-01 2.663170547623613937e-01 2.648287159185953588e-01 2.612206323567983213e-01 2.562014999625636391e-01 2.504789887418631400e-01 2.446933118342860536e-01 2.393711107369633495e-01 2.349011599588742560e-01 2.315297664770392116e-01 2.293708844117499368e-01 2.284259606676576626e-01 2.286084062338250567e-01 2.297688086410026864e-01 2.317184485917331838e-01 2.342496313625725413e-01 2.371522671702491758e-01 2.402268990685371142e-01 2.432943636305209822e-01 2.462024437470954064e-01 2.488299034136300658e-01 2.510883164154427694e-01 2.529219444523953531e-01 2.543059543335916550e-01 2.552434019874846860e-01 2.557612413241230898e-01 2.559056642259475711e-01 2.557370795431196941e-01 2.553250268708378012e-01 2.547432992833684740e-01 2.540655383933942968e-01 2.533613902129073225e-01 2.526934019059466352e-01 2.521147387907146653e-01 2.516677054085666443e-01
4.080071401249522056e-01 4.615036745138397789e-01 3.540675620891281516e-01 2.540019307803114135e-01 1.757006088438141933e-01 1.234020882355569143e-01 9.459427461902959744e-02 8.418001127498903058e-02 8.686207994297331925e-02 9.803425233339727041e-02 1.139594303709297318e-01 1.317130937410718738e-01 1.490793656365967668e-01 1.644610135664936468e-01 1.768085719736417760e-01 1.855585893851437740e-01 1.905729580491729858e-01 1.920709642550474106e-01 1.905488300708952920e-01 1.866891830240412498e-01 1.812666263769580344e-01 1.750586252146689448e-01 1.687707050505466710e-01 1.629838681547857715e-01 1.581266153295743104e-01 1.544695111896275119e-01 1.521368574335161816e-01 1.511289990567802055e-01 1.513498398010691692e-01 1.526349806834715883e-01 1.547776523988078634e-01 1.575510654574660829e-01 1.607264363200481549e-01 1.640869295688079099e-01 1.674379721054748693e-01 1.706143228753700114e-01 1.734843506172803473e-01 1.759519324952504848e-01 1.779563832779363364e-01 1.794705811090877845e-01 1.804977140614373865e-01 1.810669995775297525e-01 1.812286615699027215e-01 1.810484918887430017e-01 1.806023163379488483e-01 1.799706644999506944e-01 1.792339203580492479e-01 1.784681503758981658e-01 1.777416729768546699e-01 1.771125423447849900e-01 1.766269253688728946e-01
4.312844705551578395e-01 4.097124358289693236e-01 2.930462839526413732e-01 1.823351547342216272e-01 9.577930675903373325e-02 3.874229423980233428e-02 8.094479037576056760e-03 -2.269177134204435585e-03 1.541583841729575813e-03 1.438472860349477266e-02 3.219175460612599959e-02 5.183184797264876742e-02 7.095592740244391350e-02 8.787554915274886636e-02 1.014785904874786759e-01 1.111633398286850233e-01 1.167772873669279121e-01 1.185501677697901046e-01 1.170134334543188187e-01 1.129056232862961084e-01 1.070708341093728755e-01 1.003606343928506173e-01 9.355048968624815608e-02 8.727979774836280846e-02 8.201976496951633722e-02 7.806690860535699106e-02 7.555635266721244525e-02 7.448704392876344393e-02 7.475257532653678538e-02 7.617252854497288950e-02 7.852106938618522158e-02 8.155130577177018003e-02 8.501487975029398125e-02 8.867684270207663866e-02 9.232660201966184921e-02 9.578539431344822164e-02 9.891079439254503447e-02 1.015987108227791175e-01 1.037832982270321253e-01 1.054350268375032762e-01 1.065571972975069559e-01 1.071813662998259142e-01 1.073619547543203101e-01 1.071703790855036281e-01 1.066890510003635911e-01 1.060055746962876855e-01 1.052074427851573679e-01 1.043774761493310721e-01 1.035900646200107605e-01 1.029084016830986575e-01 1.023827088245383710e-01
4.545618009853633623e-01 3.596102710089433274e-01 2.335080946697986048e-01 1.110826749917019490e-01 1.537547436440327500e-02 -4.676358290334025475e-02 -7.923449897148465704e-02 -8.936485901385514408e-02 -8.420164634993027031e-02 -6.947611688740827629e-02 -4.960321575913483050e-02 -2.792041847194241463e-02 -6.906129113643028582e-03 1.166419191708068480e-02 2.661783129147187593e-02 3.731513504666039704e-02 4.358852636055812052e-02 4.567739661430318676e-02 4.414847041558869756e-02 3.979799583819837450e-02 3.354314462830182419e-02 2.631429884972506794e-02 1.896179312562427596e-02 1.218777504974247541e-02 6.509313145447960178e-03 2.250718357878956580e-03 -4.415219583465541356e-04 -1.570204066953829591e-03 -1.252923721109061974e-03 3.127710979254415638e-04 2.880857543390086088e-03 6.183336760853211378e-03 9.951376155285933042e-03 1.393116382197000409e-02 1.789547042718907244e-02 2.165150853724675389e-02 2.504565894028155590e-02 2.796556137083101856e-02 3.034002188490840524e-02 3.213698542717392803e-02 3.335984154829918502e-02 3.404255941384282808e-02 3.424392270777963654e-02 3.404121919973059768e-02 3.352375580429571567e-02 3.278655957703625889e-02 3.192460762023745929e-02 3.102783355145104574e-02 3.017700967312359275e-02 2.944072840475878139e-02 2.887346431323025570e-02
4.778391314155689962e-01 3.113672343092099837e-01 1.757252858162116071e-01 4.033070524641940019e-02 -6.562782996993007933e-02 -1.333136960324460552e-01 -1.675940869318165161e-01 -1.772864246870261284e-01 -1.705236038717352909e-01 -1.536848656193395279e-01 -1.315473216013981761e-01 -1.076540662181196678e-01 -8.460794753779780908e-02 -6.426661151353486867e-02 -4.786054838369695891e-02 -3.606682883472005219e-02 -2.906884242675432384e-02 -2.661843864688131014e-02 -2.811374168980849270e-02 -3.269911489877913580e-02 -3.938072284051607336e-02 -4.714436327870027282e-02 -5.505952423369430554e-02 -6.235661261579713427e-02 -6.846929121621367353e-02 -7.304352433356049723e-02 -7.592084502819196334e-02 -7.710618670688175469e-02 -7.672929468729274005e-02 -7.500603844957222377e-02 -7.220382558332109901e-02 -6.861281304692783134e-02 -6.452321573204812533e-02 -6.020847592499454365e-02 -5.591308415549492428e-02 -5.184435505726409793e-02 -4.816750084771325574e-02 -4.500345086107693932e-02 -4.242893331757908310e-02 -4.047864813951618235e-02 -3.914914616732410174e-02 -3.840397540552365624e-02 -3.817982267871930513e-02 -3.839327647886905254e-02 -3.894781477302931144e-02 -3.974062117671461197e-02 -4.066883460721040094e-02 -4.163504689798351588e-02 -4.255178222772149077e-02 -4.334478159335149877e-02 -4.395511274789004608e-02
5.011164618457746300e-01 2.652375768652761590e-01 1.201061566368392675e-01 -2.973271648109383075e-02 -1.473078872187253974e-01 -2.210951378391788902e-01 -2.571812201293056099e-01 -2.662095352977356666e-01 -2.575763716376945900e-01 -2.383742050644246102e-01 -2.137583747233987863e-01 -1.874754819864828947e-01 -1.622466694528483244e-01 -1.400062383733320370e-01 -1.220391003222588838e-01 -1.090589079273467238e-01 -1.012656337508493626e-01 -9.840350444039912270e-02 -9.983575819044288036e-02 -1.046458484065152100e-01 -1.117596521172290608e-01 -1.200738971326556492e-01 -1.285721680067052064e-01 -1.364123657510221688e-01 -1.429752044624061080e-01 -1.478748572218536173e-01 -1.509402243324075854e-01 -1.521788250690979116e-01 -1.517336071106573925e-01 -1.498400392187474173e-01 -1.467881730884341984e-01 -1.428914117385285676e-01 -1.384622928173543932e-01 -1.337946729889938347e-01 -1.291509337493604304e-01 -1.247534184361350496e-01 -1.207793258098199402e-01 -1.173584347494525254e-01 -1.145732000629136188e-01 -1.124611023338463606e-01 -1.110186682073567299e-01 -1.102068951050212686e-01 -1.099577710156937060e-01 -1.101814999144758722e-01 -1.107740106239149952e-01 -1.116242887089717584e-01 -1.126211943322364267e-01 -1.136594835992885966e-01 -1.146446455361382066e-01 -1.154964773261622779e-01 -1.161513768998035795e-01
5.243937922759802639e-01 2.215632247371569219e-01 6.722178890050835298e-02 -9.878574833560559154e-02 -2.296892989881981206e-01 -3.102802990680345041e-01 -3.481868697064190998e-01 -3.563054114322957711e-01 -3.455078511262185126e-01 -3.236730140121752419e-01 -2.963506141878817779e-01 -2.674876251972747587e-01 -2.399160891073841839e-01 -2.156406771077495899e-01 -1.959969165324102480e-01 -1.817338709837750810e-01 -1.730689015130271735e-01 -1.697399781514810635e-01 -1.710759413402671014e-01 -1.760980032830292696e-01 -1.836481045256286304e-01 -1.925283873342805707e-01 -2.016303957917247314e-01 -2.100340705372172323e-01 -2.170631952996833758e-01 -2.222979130692001315e-01 -2.255538190201027415e-01 -2.268415449464191713e-01 -2.263183904918597000e-01 -2.242407889519396624e-01 -2.209227460639510976e-01 -2.167020387880037591e-01 -2.119145253671345930e-01 -2.068752750054184686e-01 -2.018651896905538368e-01 -1.971221343246576108e-01 -1.928356705791733627e-01 -1.891446691502400301e-01 -1.861375574568334412e-01 -1.838547398156424040e-01 -1.822927577568080326e-01 -1.814099894173436534e-01 -1.811335479199670528e-01 -1.813669784509734928e-01 -1.819982800466230233e-01 -1.829078242940915255e-01 -1.839758336899965374e-01 -1.850888489967828787e-01 -1.861449791861609915e-01 -1.870577874705247612e-01 -1.877587779160480863e-01
5.476711227061857867e-01 1.807684697347760050e-01 1.783233046476542794e-02 -1.663309380036822049e-01 -3.127271390711258148e-01 -4.010219647635728801e-01 -4.407939498234224041e-01 -4.477395519641466648e-01 -4.344610851965158282e-01 -4.097060624126340755e-01 -3.794347442401497239e-01 -3.477902659118147777e-01 -3.177070276315108743e-01 -2.912530469674527445e-01 -2.698102003742818278e-01 -2.541615165158502276e-01 -2.445425978825214730e-01 -2.406867361164350405e-01 -2.418891582087819292e-01 -2.471077470665282438e-01 -2.550968461639732121e-01 -2.645581938761863428e-01 -2.742847729957454406e-01 -2.832726756657912293e-01 -2.907844309380606673e-01 -2.963637014595475461e-01 -2.998121324259069853e-01 -3.011440809497800686e-01 -3.005324449796072384e-01 -2.982560688285421091e-01 -2.946542476254578324e-01 -2.900903703077752915e-01 -2.849246561018577428e-01 -2.794941908857443424e-01 -2.740990163644418387e-01 -2.689929917558673278e-01 -2.643783517335582256e-01 -2.604033706445951224e-01 -2.571627174570853547e-01 -2.546998619540957742e-01 -2.530113966236572365e-01 -2.520530029220386936e-01 -2.517467279066090691e-01 -2.519891306300926503e-01 -2.526598873351214025e-01 -2.536304351496266318e-01 -2.547719590735756379e-01 -2.559623857183671025e-01 -2.570920793084108813e-01 -2.580680592034736986e-01 -2.588166935825900183e-01
5.709484531363914206e-01 1.433423122162063301e-01 -2.709458568374809723e-02 -2.316408908647393239e-01 -3.962839846006986910e-01 -4.934470677879307376e-01 -5.351746662483286565e-01 -5.406699217923262024e-01 -5.245731561581602476e-01 -4.965933523560857044e-01 -4.631176303486609913e-01 -4.284799531769489245e-01 -3.957074694071457399e-01 -3.669238681675461300e-01 -3.435526251700714018e-01 -3.264090962825683673e-01 -3.157480444912041939e-01 -3.112998482616756157e-01 -3.123272985137909852e-01 -3.177241541629639010e-01 -3.261534802442045966e-01 -3.362105081725858535e-01 -3.465827613904338134e-01 -3.561761039797063377e-01 -3.641870824904264725e-01 -3.701202171937655883e-01 -3.737626454587982816e-01 -3.751331251017112622e-01 -3.744214863841281438e-01 -3.719304875056337889e-01 -3.680261330845231993e-01 -3.630988139057073072e-01 -3.575341536738125825e-01 -3.516920491266805060e-01 -3.458922744613416311e-01 -3.404050854464191755e-01 -3.354457399232019799e-01 -3.311723244930411258e-01 -3.276859824932396026e-01 -3.250333804664202741e-01 -3.232111827203340559e-01 -3.221722762362806414e-01 -3.218333827047530349e-01 -3.220837686142036804e-01 -3.227945417340281620e-01 -3.238278156798616303e-01 -3.250453083305322455e-01 -3.263159047373436206e-01 -3.275218294391427643e-01 -3.285632190647791995e-01 -3.293610179922323300e-01
5.942257835665970545e-01 1.098027084630405215e-01 -6.638552823041847517e-02 -2.936885826050116832e-01 -4.800988347732371153e-01 -5.876488596843958412e-01 -6.314870435425666839e-01 -6.352445934493698987e-01 -6.159735925913001342e-01 -5.844491096404801356e-01 -5.475017190920083987e-01 -5.096497333387226547e-01 -4.740024918943350762e-01 -4.427311466124755346e-01 -4.172955141828814662e-01 -3.985415841079145149e-01 -3.867442559008580916e-01 -3.816329202536048459e-01 -3.824396568652720929e-01 -3.879936080056100023e-01 -3.968628287180943626e-01 -4.075297806835395109e-01 -4.185691859123274461e-01 -4.287897305994595176e-01 -4.373167556187578797e-01 -4.436129381822469520e-01 -4.474503435788776962e-01 -4.488528542802084909e-01 -4.480286387168102569e-01 -4.453059156347585756e-01 -4.410791280331345376e-01 -4.357670537944298705e-01 -4.297817587873092871e-01 -4.235067143569535841e-01 -4.172819492135118047e-01 -4.113945347497195981e-01 -4.060732972060896451e-01 -4.014864499111484575e-01 -3.977418170850220425e-01 -3.948893655525981261e-01 -3.929258193616565475e-01 -3.918010918911047913e-01 -3.914264324837407605e-01 -3.916836704211278386e-01 -3.924349932391426599e-01 -3.935327588092095707e-01 -3.948287488724521732e-01 -3.961823379380098875e-01 -3.974671685129504417e-01 -3.985760833420808891e-01 -3.994243665841581969e-01
6.175031139968026883e-01 8.063905964795771431e-02 -9.870337659971645250e-02 -3.510598263192717394e-01 -5.637444812626479784e-01 -6.836771424909831030e-01 -7.298707072398943341e-01 -7.315988132010163847e-01 -7.087823397479654508e-01 -6.733804266116341086e-01 -6.326841956126113553e-01 -5.913886315941617733e-01 -5.526740143225756796e-01 -5.187502871725980791e-01 -4.911078734547359437e-01 -4.706218201874656781e-01 -4.575880981463251729e-01 -4.517373238227317955e-01 -4.522732126071042913e-01 -4.579600804102618161e-01 -4.672672161866656126e-01 -4.785580635458717702e-01 -4.902866016427701035e-01 -5.011567136382917287e-01 -5.102168795540458213e-01 -5.168852614541447066e-01 -5.209181581598893995e-01 -5.223453258171548708e-01 -5.213947186605807360e-01 -5.184219444259804410e-01 -5.138517052266036167e-01 -5.081325172478972085e-01 -5.017038958677654259e-01 -4.949735830044456608e-01 -4.883024246072660834e-01 -4.819950004974763447e-01 -4.762940924152208044e-01 -4.713782981968557828e-01 -4.673622836421519322e-01 -4.642993655047176760e-01 -4.621862605260596002e-01 -4.609699786255806453e-01 -4.605562449871199449e-01 -4.608191587183412818e-01 -4.616115833575770711e-01 -4.627756392006339148e-01 -4.641526493478846938e-01 -4.655919336009701204e-01 -4.669581226607248947e-01 -4.681365605721627965e-01 -4.690366976588867809e-01
6.407804444270082112e-01 5.623375960774459892e-02 -1.226593300145467219e-01 -4.018493529589150515e-01 -6.465677922581746229e-01 -7.815260548993737677e-01 -8.304418730691019990e-01 -8.298514608856141228e-01 -8.031072663447700322e-01 -7.634855593458838019e-01 -7.187558781225594773e-01 -6.737809161709108485e-01 -6.318003836687122732e-01 -5.950537872925508731e-01 -5.650563102288349571e-01 -5.427105461478757276e-01 -5.283343210552741143e-01 -5.216623528417908551e-01 -5.218728189426571351e-01 -5.276652211827614902e-01 -5.374067041015202495e-01 -5.493352860695326356e-01 -5.617755419720573684e-01 -5.733181635887663052e-01 -5.829290770509635289e-01 -5.899788830782355387e-01 -5.942072824975320744e-01 -5.956506656585807136e-01 -5.945586102938071882e-01 -5.913163291268983546e-01 -5.863804920849373659e-01 -5.802306849566023494e-01 -5.733348317501644198e-01 -5.661257686837527503e-01 -5.589860347839697985e-01 -5.522381765339692272e-01 -5.461392233860657974e-01 -5.408783505400491798e-01 -5.365771541757470287e-01 -5.332924188747388827e-01 -5.310211278566852044e-01 -5.297073911850431749e-01 -5.292511914418404073e-01 -5.295185474192775077e-01 -5.303525372267531290e-01 -5.315844933116790072e-01 -5.330447618792018005e-01 -5.345722798952667887e-01 -5.360223687008189852e-01 -5.372725154827755478e-01 -5.382260343666587232e-01
6.640577748572138450e-01 3.677214403522131858e-02 -1.370281516783247999e-01 -4.435532865681802162e-01 -7.276039668874648703e-01 -8.811187079633344688e-01 -9.332874338543568626e-01 -9.301008771894826443e-01 -8.990411351079834468e-01 -8.548518852913606914e-01 -8.057998187312568339e-01 -7.569051733048359765e-01 -7.114557962453704754e-01 -6.717108420632398325e-01 -6.392048602765915133e-01 -6.148663132321235958e-01 -5.990355718937773188e-01 -5.914553209355960517e-01 -5.912812723147592431e-01 -5.971484482627584800e-01 -6.073192942211488310e-01 -6.198994266094283168e-01 -6.330745618598625502e-01 -6.453134884570648211e-01 -6.554935014936967841e-01 -6.629340453116969734e-01 -6.673572652538960481e-01 -6.688073265418973401e-01 -6.675577442630882263e-01 -6.640253437060168462e-01 -6.587004667169836791e-01 -6.520951088655448924e-01 -6.447068495276750966e-01 -6.369947301813739804e-01 -6.293635311172137703e-01 -6.221540958920125375e-01 -6.156379139291959790e-01 -6.100149074103057290e-01 -6.054139733529433354e-01 -6.018957225302496994e-01 -5.994574286648900463e-01 -5.980401584083452349e-01 -5.975378720912625230e-01 -5.978081025061970921e-01 -5.986837040340184934e-01 -5.999849050137957551e-01 -6.015307463826449208e-01 -6.031492961684833398e-01 -6.046860607878888905e-01 -6.060102303426664339e-01 -6.070186299782183159e-01
6.873351052874194789e-01 2.216169380736589256e-02 -1.410832675230225541e-01 -4.729990095933832017e-01 -8.054500145543471712e-01 -9.822876423786711664e-01 -1.038457957732751735e+00 -1.032420008270875877e+00 -9.966579014883781840e-01 -9.475535051467572911e-01 -8.938894574812535909e-01 -8.408332113912551087e-01 -7.917095085613506944e-01 -7.487868665226543596e-01 -7.136147123653001634e-01 -6.871450913645498204e-01 -6.697423761815446408e-01 -6.611615651574211938e-01 -6.605391208905538880e-01 -6.664471343599618347e-01 -6.770410473691707010e-01 -6.902864779826713981e-01 -7.042203559622527420e-01 -7.171807193002263103e-01 -7.279490180501285712e-01 -7.357895203339824830e-01 -7.404061791561709072e-01 -7.418526521348250968e-01 -7.404283876535643349e-01 -7.365838332878328343e-01 -7.308448442426830338e-01 -7.237576786362940329e-01 -7.158509723412577186e-01 -7.076106663473294978e-01 -6.994641911831159797e-01 -6.917709630596771131e-01 -6.848173185638611882e-01 -6.788144911022723216e-01 -6.738989722689031625e-01 -6.701352268124983746e-01 -6.675207323992140562e-01 -6.659933186709698916e-01 -6.654407071099237569e-01 -6.657118128769811127e-01 -6.666290681497663018e-01 -6.680011267364527328e-01 -6.696351120206864849e-01 -6.713476066150132482e-01 -6.729737344270907418e-01 -6.743739423139003542e-01 -6.754383327613425747e-01
7.106124357176250017e-01 1.199071325133013559e-02 -1.350088527491061785e-01 -4.864153579821774986e-01 -8.780728525078662638e-01 -1.084749408920901326e+00 -1.145959446717296437e+00 -1.136850709123288006e+00 -1.096008555638665838e+00 -1.041648390413446590e+00 -9.830865095739552695e-01 -9.256287538540846072e-01 -8.726245970209363101e-01 -8.263429502396932858e-01 -7.883437531463464154e-01 -7.595999943692330891e-01 -7.405030642888505987e-01 -7.308242439058780793e-01 -7.296846662969029840e-01 -7.355966998023160119e-01 -7.466059788528878194e-01 -7.605302875529710294e-01 -7.752481866600036131e-01 -7.889566229491299376e-01 -8.003330562946555649e-01 -8.085827153724348682e-01 -8.133912715837503526e-01 -8.148230816221978534e-01 -8.132055101744761760e-01 -8.090250176202580246e-01 -8.028455607068021305e-01 -7.952494020711790013e-01 -7.867971810677365507e-01 -7.780023219873875018e-01 -7.693154268426090070e-01 -7.611152125322305784e-01 -7.537034154618402759e-01 -7.473027392294900872e-01 -7.420572872426905997e-01 -7.380353362500197134e-01 -7.352345826617723290e-01 -7.335897779088186299e-01 -7.329824666724173987e-01 -7.332526533228004295e-01 -7.342117978708607717e-01 -7.356563329100855864e-01 -7.373807922512938262e-01 -7.391897281318120516e-01 -7.409075473037411985e-01 -7.423857510820477401e-01 -7.435074953648482809e-01
7.338897661478306356e-01 5.555000653844411815e-03 -1.202387365262365254e-01 -4.798556852940640827e-01 -9.425113878736250950e-01 -1.188070172549921644e+00 -1.255744776655645545e+00 -1.243396854383028716e+00 -1.197116721090840219e+00 -1.137174846448818943e+00 -1.073438989501493079e+00 -1.011345764114339740e+00 -9.542568491261294028e-01 -9.044351527729330709e-01 -8.634456802052201674e-01 -8.322812108135644316e-01 -8.113635019048864860e-01 -8.004838164991694427e-01 -7.987541973002623141e-01 -8.046304610266244994e-01 -8.160456727113416520e-01 -8.306630169526061369e-01 -8.461919312914675251e-01 -8.606763948699428513e-01 -8.726816545490214683e-01 -8.813504119162575146e-01 -8.863490594922434074e-01 -8.877537881177668400e-01 -8.859226199410922264e-01 -8.813812933077798117e-01 -8.747339802142944931e-01 -8.666003002689259826e-01 -8.575738596160416005e-01 -8.481966653810867340e-01 -8.389434783575583365e-01 -8.302126770632921593e-01 -8.223214583505344955e-01 -8.155040011045805448e-01 -8.099121510439742933e-01 -8.056184241486868958e-01 -8.026210830574033173e-01 -8.008517415559004426e-01 -8.001854088059774384e-01 -8.004526724277907235e-01 -8.014534405078094226e-01 -8.029714858299468183e-01 -8.047884537600185073e-01 -8.066965047123977328e-01 -8.085088180956870874e-01 -8.100674054087700915e-01 -8.112480230714577134e-01
7.571670965780362694e-01 1.961182314169838264e-03 -9.947947625969148777e-02 -4.502993789745527997e-01 -9.944094603151211187e-01 -1.291616717368433198e+00 -1.367704196826628138e+00 -1.352015887045178832e+00 -1.299973307733989225e+00 -1.234147141038814732e+00 -1.164978695978174494e+00 -1.098026162021862540e+00 -1.036653921887807250e+00 -9.831134121901659029e-01 -9.389693090712488699e-01 -9.052356372606548129e-01 -8.823663972196584826e-01 -8.701782824520248871e-01 -8.677818165171415909e-01 -8.735790676622547934e-01 -8.853895909803356501e-01 -9.007152265070613728e-01 -9.170835840416089457e-01 -9.323736201127033052e-01 -9.450303020798859199e-01 -9.541287035657690652e-01 -9.593147115982133544e-01 -9.606787168997015236e-01 -9.586128872468037132e-01 -9.536846523911227669e-01 -9.465403246798897996e-01 -9.378386278116006558e-01 -9.282080801454341001e-01 -9.182202427196622940e-01 -9.083742520569778600e-01 -8.990882080642207397e-01 -8.906949085706770131e-01 -8.834406247551119806e-01 -8.774855375961557735e-01 -8.729064863271426278e-01 -8.697021094848934597e-01 -8.678005860457838061e-01 -8.670700625359717417e-01 -8.673316049372327141e-01 -8.683735041432053547e-01 -8.699664672675443411e-01 -8.718785504300547995e-01 -8.738887431792028426e-01 -8.757982891545528226e-01 -8.774391527532467983e-01 -8.786794879148785986e-01
7.804444270082419033e-01 2.817994391343071003e-04 -7.623686412744858087e-02 -3.976182031258627680e-01 -1.027301348082602761e+00 -1.394483351986256503e+00 -1.481653508358619087e+00 -1.462610211467896049e+00 -1.404529664400724354e+00 -1.332551753786214377e+00 -1.257717848617176948e+00 -1.185697512440242241e+00 -1.119853811042749836e+00 -1.062419854681532216e+00 -1.014958546270688267e+00 -9.785060221064797448e-01 -9.535507408811325636e-01 -9.399432150348946413e-01 -9.367987185533811489e-01 -9.424704789808797667e-01 -9.546653607787433105e-01 -9.707151533789321052e-01 -9.879530837153583933e-01 -1.004081239365556488e+00 -1.017413649713499568e+00 -1.026952118314762519e+00 -1.032322486942865769e+00 -1.033631905928036554e+00 -1.031309030345957334e+00 -1.025965593681744226e+00 -1.018293150870295483e+00 -1.008992201721558013e+00 -9.987270023031936672e-01 -9.880990124781782180e-01 -9.776320038090600129e-01 -9.677645851272412836e-01 -9.588460675885376316e-01 -9.511349235504530375e-01 -9.447994866423944371e-01 -9.399207484346920882e-01 -9.364976564524277736e-01 -9.344552993062795743e-01 -9.336552645432113495e-01 -9.339087784186306251e-01 -9.349918054387612587e-01 -9.366611671991714738e-01 -9.386705129863975872e-01 -9.407850872960352717e-01 -9.427939903563128388e-01 -9.445190549743636144e-01 -9.458205250505660189e-01
8.037217574384475371e-01 -2.908208120259712145e-04 -5.394922129886933065e-02 -3.267229830954777592e-01 -1.031640992258352707e+00 -1.495379230382827940e+00 1.544273818646475283e+00 1.566571584735807487e+00 -1.510688772136763891e+00 -1.432343331158901112e+00 -1.351644487154923358e+00 -1.274371774454021944e+00 -1.203882409942930831e+00 -1.142388038910538084e+00 -1.091451260063364126e+00 -1.052129635624553750e+00 -1.024952361215948793e+00 -1.009810857041611998e+00 -1.005832699124348695e+00 -1.011330583250059423e+00 -1.023897816255036286e+00 -1.040688332530189664e+00 -1.058829434518838486e+00 -1.075830953635622311e+00 -1.089864393573201973e+00 -1.099854636195665814e+00 -1.105406990305173087e+00 -1.106646621580303469e+00 -1.104041899854210307e+00 -1.098253634716463090e+00 -1.090021515613547320e+00 -1.080088826537833002e+00 -1.069156401765410935e+00 -1.057856719551287794e+00 -1.046739750367072785e+00 -1.036264907508237298e+00 -1.026797656090739697e+00 -1.018608489376273685e+00 -1.011873964894683064e+00 -1.006679985200205962e+00 -1.003026464298102605e+00 -1.000835169766085775e+00 -9.999605342440788247e-01 -1.000203300855065702e+00 -1.001326461663641698e+00 -1.003072712200579808e+00 -1.005181206575681996e+00 -1.007403066501269651e+00 -1.009514440477863761e+00 -1.011326231984943647e+00 -1.012690191636265835e+00
8.269990878686530600e-01 -3.459387582260358925e-04 -3.513605825685057332e-02 -2.478007108422278781e-01 -9.940152668979822526e-01 1.549140943806950110e+00 1.427273526209484000e+00 1.452578482434668805e+00 1.523295009151867552e+00 -1.533437494476463936e+00 -1.446719412919759584e+00 -1.364041910926422352e+00 -1.288750984108945952e+00 -1.223042407346233151e+00 -1.168477238238674110e+00 -1.126138574152407257e+00 -1.096602896588288800e+00 -1.079809036087325147e+00 -1.074909083286403888e+00 -1.080182052706491813e+00 -1.093108313375497964e+00 -1.110658926436158156e+00 -1.129739734656193262e+00 -1.147651902173100424e+00 -1.162414984365898629e+00 -1.172870522560116147e+00 -1.178601442101053109e+00 -1.179754142000798200e+00 -1.176842558147494167e+00 -1.170579173445018606e+00 -1.161753633326862767e+00 -1.151153979463159782e+00 -1.139520389084098362e+00 -1.127517661652333469e+00 -1.115721429406635989e+00 -1.104611656030817901e+00 -1.094570093000094335e+00 -1.085880354737377873e+00 -1.078728155507468811e+00 -1.073203989530808977e+00 -1.069308184853547283e+00 -1.066958807155309108e+00 -1.066002938289570157e+00 -1.066231200572591575e+00 -1.067393797549234025e+00 -1.069218565230934725e+00 -1.071429042178079882e+00 -1.073761165711709209e+00 -1.075977334830014565e+00 -1.077877130111127624e+00 -1.079303985851136627e+00
8.502764182988586938e-01 -2.357938070679000428e-04 -2.097581912064518453e-02 -1.729536327944072860e-01 -8.988866663382533151e-01 1.458636699752621446e+00 1.309438216643384223e+00 1.337330111952450107e+00 1.414447497894768091e+00 1.505891032380675565e+00 -1.542874083788295270e+00 -1.454676631629685080e+00 -1.374456096184531351e+00 -1.304395184845301259e+00 -1.246057510628032272e+00 -1.200559192822746812e+00 -1.168527939998613263e+00 -1.149962231619611863e+00 -1.144049536753707352e+00 -1.149043210780690050e+00 -1.162316361564653455e+00 -1.180648333445403875e+00 -1.200707672802745929e+00 -1.219573087938779166e+00 -1.235097658109431507e+00 -1.246031782119172870e+00 -1.251937498761008571e+00 -1.252987239831329092e+00 -1.249742433708857625e+00 -1.242970466235632898e+00 -1.233515259489282645e+00 -1.222213505809924161e+00 -1.209844768307619889e+00 -1.197105855985092671e+00 -1.184598431360282866e+00 -1.172824504944832480e+00 -1.162183418966979076e+00 -1.152971307007857549e+00 -1.145382289638324780e+00 -1.139511251223340071e+00 -1.135359302813409688e+00 -1.132841832741565469e+00 -1.131798978626069374e+00 -1.132010273388207588e+00 -1.133211965019372158e+00 -1.135116073621027066e+00 -1.137429818540249604e+00 -1.139873965307684145e+00 -1.142197253710299787e+00 -1.144187645676103982e+00 -1.145679327903543321e+00
8.735537487290643277e-01 -1.223836556829507210e-04 -1.141794892069292015e-02 -1.112149033375944007e-01 -7.390866758510669099e-01 1.379015006161681045e+00 1.191387616442804553e+00 1.221260685589458994e+00 1.304649962894647963e+00 1.402641035028822980e+00 1.501591132350716951e+00 -1.546219139242046570e+00 -1.460975799579959045e+00 -1.386443820148157702e+00 -1.324204563946387303e+00 -1.275409136153364820e+00 -1.240747993987328268e+00 -1.220290534023648510e+00 -1.213270283822643680e+00 -1.217930076947508544e+00 -1.231537800661891335e+00 -1.250673502417389171e+00 -1.271756629660862004e+00 -1.291622275117371821e+00 -1.307941369026173861e+00 -1.319369908915835499e+00 -1.325448974590734741e+00 -1.326377612781123982e+00 -1.322769759011877211e+00 -1.315454994395347299e+00 -1.305334641515916383e+00 -1.293293851099869496e+00 -1.280152623077956298e+00 -1.266642016073787902e+00 -1.253391939458488702e+00 -1.240925664090510860e+00 -1.229658890519497394e+00 -1.219900124858064538e+00 -1.211852793416255070e+00 -1.205617744038528061e+00 -1.201197199500998902e+00 -1.198502707722769012e+00 -1.197366479178281651e+00 -1.197556440636529995e+00 -1.198794975994684542e+00 -1.200778710953352979e+00 -1.203198450688047538e+00 -1.205758373615261059e+00 -1.208192171266406101e+00 -1.210275156722349088e+00 -1.211831842375917567e+00
8.968310791592698505e-01 -5.143199599841941679e-05 -5.628295905045190006e-03 -6.602189506147906894e-02 -5.366973944705291100e-01 1.317577003209147168e+00 1.073907014020506923e+00 1.104908220177251765e+00 1.194284909230080904e+00 1.298642059750163558e+00 1.403645198481759726e+00 1.503006544511727549e+00 -1.548263438571289452e+00 -1.469172905244659155e+00 -1.402918027492620512e+00 -1.350697828810599299e+00 -1.313277785309148182e+00 -1.290806908379349860e+00 -1.282584636923228549e+00 -1.286854132708292742e+00 -1.300782889877791781e+00 -1.320750673945082276e+00 -1.342907209932034940e+00 -1.363822852529411822e+00 -1.380975783501428023e+00 -1.392917945201454177e+00 -1.399166615674755088e+00 -1.399953957832050788e+00 -1.395954926379420646e+00 -1.388062646015725043e+00 -1.377237669278092547e+00 -1.364417352221656055e+00 -1.350466453553273105e+00 -1.336150182979675138e+00 -1.322124780334262173e+00 -1.308934661862175997e+00 -1.297013333420806047e+00 -1.286683728747314959e+00 -1.278158483905085463e+00 -1.271542855079528245e+00 -1.266839433259087988e+00 -1.263956119842619241e+00 -1.262718393864220134e+00 -1.262883422160486102e+00 -1.264158885887862960e+00 -1.266224164018323606e+00 -1.268752090548897593e+00 -1.271429444311067636e+00 -1.273974891680317079e+00 -1.276151596420153078e+00 -1.277774706957928386e+00
9.201084095894754844e-01 -1.777835001813982615e-05 -2.490519986502472225e-03 -3.618164043518193318e-02 -3.433635270263313277e-01 1.288029045795064054e+00 9.579627063970451717e-01 9.889436343614509406e-01 1.083828925302590118e+00 1.194210030696714497e+00 1.305075808649616587e+00 1.409937937424017296e+00 1.505341544991758651e+00 -1.552547773737277259e+00 -1.482183464097166281e+00 -1.426426648128710895e+00 -1.386122073379676412e+00 -1.361520284180391505e+00 -1.352000399732593561e+00 -1.355820043989655943e+00 -1.370060741807512361e+00 -1.390891420978412008e+00 -1.414174531527985224e+00 -1.436199805835126408e+00 -1.454230241254532263e+00 -1.466704058016283341e+00 -1.473120284309215489e+00 -1.473749307832258326e+00 -1.469327841158507786e+00 -1.460818268701555622e+00 -1.449248184717216281e+00 -1.435610222395912849e+00 -1.420811464556821502e+00 -1.405651293142719638e+00 -1.390814574555446548e+00 -1.376869700005991959e+00 -1.364267377758213717e+00 -1.353342668441825269e+00 -1.344316826928798836e+00 -1.337300584552094218e+00 -1.332299002802564303e+00 -1.329217223694243222e+00 -1.327872271662625669e+00 -1.328008819725425393e+00 -1.329318884710578130e+00 -1.331464634662358648e+00 -1.334101702200660045e+00 -1.336899683992664789e+00 -1.339560982702666880e+00 -1.341834731071977593e+00 -1.343525440610455091e+00
9.433857400196811183e-01 -5.051968181185839624e-06 -9.790250357491069207e-04 -1.824324139892187849e-02 -1.983777907805676921e-01 1.319861509388867704e+00 8.446872993140899233e-01 8.742062155712676530e-01 9.738528329515077075e-01 1.089745426523107907e+00 1.206132914409268952e+00 1.316332904932857151e+00 1.416748235468905381e+00 1.505083359751046679e+00 -1.561975702081710438e+00 -1.502582250443353029e+00 -1.459279428159253378e+00 -1.432432628243870631e+00 -1.421516880949292627e+00 -1.424831002532332525e+00 -1.439373798218492428e+00 -1.461100804503077333e+00 -1.485575477218520568e+00 -1.508774788358431707e+00 -1.527728189112098622e+00 -1.540758903322321904e+00 -1.547343442651375689e+00 -1.547791952744758559e+00 -1.542913759329030299e+00 -1.533750109544385065e+00 -1.521394841062116754e+00 -1.506895865747925889e+00 -1.491206522405602142e+00 -1.475164930803406937e+00 -1.459484044316337714e+00 -1.444752827707673548e+00 -1.431438682604465162e+00 -1.419890873676652454e+00 -1.410341940373372127e+00 -1.402908273474496426e+00 -1.397594900083795277e+00 -1.394302856540247326e+00 -1.392840955821310844e+00 -1.392942973689965225e+00 -1.394286263430046358e+00 -1.396515031725468425e+00 -1.399264951860488493e+00 -1.402186462445312420e+00 -1.404964768242368267e+00 -1.407335436625017699e+00 -1.409093398362539995e+00
9.666630704498867521e-01 -1.171622966347048263e-06 -3.379943171424011432e-04 -8.409275012999574417e-03 -1.060738117110172768e-01 1.484942832065973439e+00 7.354018089454257279e-01 7.616817034144909293e-01 8.650761673694709053e-01 9.857145568660607982e-01 1.107143724642721594e+00 1.222387230581284623e+00 1.327685149480309690e+00 1.420609035245181673e+00 1.499345458640690687e+00 1.562451705996790619e+00 -1.532739186028663214e+00 -1.503534569887645667e+00 -1.491131602282427471e+00 -1.493881470184983851e+00 -1.508717180866503638e+00 -1.531385079194781174e+00 -1.557119795040390775e+00 1.560029067041559747e+00 1.540094529257833411e+00 1.526480092560868584e+00 1.519730760190223462e+00 1.519482445245794011e+00 1.524847711242567350e+00 1.534707113882863627e+00 1.547894200058011149e+00 1.563297476460290047e+00 -1.561676689932280260e+00 -1.544715271910197085e+00 -1.528151531218372439e+00 -1.512598418975216630e+00 -1.498543199919294855e+00 -1.486348218742369331e+00 -1.476253978104784759e+00 -1.468381713558120083e+00 -1.462738304504527242e+00 -1.459223352465471413e+00 -1.457638285273747725e+00 -1.457703349574870355e+00 -1.459078777964377238e+00 -1.461389496795514553e+00 -1.464251808141058708e+00 -1.467298216266059940e+00 -1.470197039098877445e+00 -1.472668926303611681e+00 -1.474496764877104127e+00
9.899404008800923860e-01 -2.186479215890596579e-07 -1.011828264070396914e-04 -3.514045530092053948e-03 -5.302717984804525275e-02 -1.214454348785138471e+00 6.316560449844491609e-01 6.525077540087447225e-01 7.583467059773233432e-01 8.826986857611591741e-01 1.008492248048037165e+00 1.128362165876579670e+00 1.238315286691617390e+00 1.335728385769275661e+00 1.418661273670137613e+00 1.485525631215048437e+00 1.535118384545992365e+00 1.566778289825432768e+00 -1.560830829355406291e+00 -1.562957916855037377e+00 1.563506423891604102e+00 1.539853366535191892e+00 1.512780264078723347e+00 1.487005401137527549e+00 1.466030526482586804e+00 1.451804394113669350e+00 1.444884704527669816e+00 1.444856139678001972e+00 1.450747303455064197e+00 1.461346094079690738e+00 1.475406219515211781e+00 1.491757180813649386e+00 1.509350778649483749e+00 1.527275137371116420e+00 1.544757583492310626e+00 1.561163669627584571e+00 -1.565602036059730029e+00 -1.552729529096184447e+00 -1.542063597102232952e+00 -1.533733198286925781e+00 -1.527746411432728824e+00 -1.523997804107935616e+00 -1.522279834508355911e+00 -1.522300066429152388e+00 -1.523703956140575855e+00 -1.526097978385058562e+00 -1.529077515318291391e+00 -1.532253469822675962e+00 -1.535275170027813996e+00 -1.537847726705811935e+00 -1.539743595226487516e+00
1.013217731310297909e+00 -3.210902900063935685e-08 -2.587208776943500903e-05 -1.317374647136425022e-03 -2.474897777617851569e-02 -6.001710754316605945e-01 5.351688196118947749e-01 5.480145765407039571e-01 6.546258436738933151e-01 7.813956011701501669e-01 9.106345951766235958e-01 1.034577846036539128e+00 1.148840479425755845e+00 1.250583382525902731e+00 1.337644496289509988e+00 1.408293242883682073e+00 1.461138587162377211e+00 1.495347452305859637e+00 1.511000894254731275e+00 1.509546679765055632e+00 1.494131333943067075e+00 1.469437162732564417e+00 1.440932133697696793e+00 1.413738130156786177e+00 1.391652883396323315e+00 1.376774141544648167e+00 1.369683445119556975e+00 1.369899531007960247e+00 1.376349179871078965e+00 1.387728078905967388e+00 1.402710937204137087e+00 1.420059521924669887e+00 1.438670689142145687e+00 1.457595729174401278e+00 1.476035729212458403e+00 1.493333807347419384e+00 1.508966257685135925e+00 1.522542262038875105e+00 1.533801385602531209e+00 1.542610623440967332e+00 1.548960837217201458e+00 1.552958804400697224e+00 1.554818407698789651e+00 1.554845020142113565e+00 1.553412248213311475e+00 1.550934785518594650e+00 1.547839063129119452e+00 1.544533759812990237e+00 1.541387225211396039e+00 1.538709808407416668e+00 1.536742042397819530e+00
1.036495061740503543e+00 -3.681276162369473119e-09 -5.576089267680001431e-06 -4.379653590374558113e-04 -1.069960317388237922e-02 -2.455418991957457886e-01 4.479277993113905953e-01 4.496413810261741251e-01 5.550456179816884994e-01 6.825814497033941830e-01 8.141397334877868985e-01 9.413918608953273370e-01 1.059527579653228413e+00 1.165330456137367188e+00 1.256415697019110045e+00 1.330821425851665962e+00 1.386965646832824639e+00 1.423803885523107216e+00 1.441203090410232202e+00 1.440479833623002692e+00 1.424770654810654014e+00 1.398970213470720925e+00 1.368937544241244364e+00 1.340214813875257205e+00 1.316936708352257845e+00 1.301369989856641984e+00 1.294102505123784885e+00 1.294578220589728712e+00 1.301625399696077157e+00 1.313834955801097326e+00 1.329787255881776709e+00 1.348176265684059905e+00 1.367851342234226220e+00 1.387824653293401767e+00 1.407263156537167825e+00 1.425485502137781024e+00 1.441953164860403147e+00 1.456263471550750976e+00 1.468145485106203907e+00 1.477456733568608627e+00 1.484185130050189150e+00 1.488442287531526187e+00 1.490452297137268900e+00 1.490534445449670731e+00 1.489078545049756563e+00 1.486518064256873606e+00 1.483301303725243603e+00 1.479860415065090473e+00 1.476585160757323045e+00 1.473802994622149809e+00 1.471766441373086209e+00
1.059772392170709177e+00 -3.266790524298423877e-10 -9.988463127687481932e-07 -1.276721820961670636e-04 -4.241301005189363968e-03 -9.984778537757668659e-02 3.722886808955985782e-01 3.589279665463869229e-01 4.608365029205085395e-01 5.871750760527738588e-01 7.196334721729692463e-01 8.492643848182974686e-01 9.706650679201836995e-01 1.080186719694960606e+00 1.175107001982594657e+00 1.253206139435237843e+00 1.312667752917389130e+00 1.352189488049441390e+00 1.371415966727994817e+00 1.371465629155621313e+00 1.355454764610094065e+00 1.328481256444917769e+00 1.296797972603692450e+00 1.266428460514916310e+00 1.241872781627531452e+00 1.225563938740960257e+00 1.218109015017440955e+00 1.218871700888715326e+00 1.226555149727618144e+00 1.239635719778914957e+00 1.256607145796913905e+00 1.276091757610490873e+00 1.296879056635125815e+00 1.317939422945915373e+00 1.338414324333799588e+00 1.357601458667970551e+00 1.374942406743077550e+00 1.390016623805760299e+00 1.402543079159081385e+00 1.412376254327787795e+00 1.419503392619767768e+00 1.424038208577880882e+00 1.426209928169380303e+00 1.426350578895573040e+00 1.424869765985873338e+00 1.422224773609128246e+00 1.418887757208995293e+00 1.415312849726711342e+00 1.411908175322399872e+00 1.409017775161863995e+00 1.406907559830292476e+00
1.083049722600914810e+00 -2.059945049717831378e-11 -1.442046385163941097e-07 -3.214886909420361117e-05 -1.524546879709016891e-03 -4.029855323422706914e-02 3.114836168883793888e-01 2.773920438577945902e-01 3.733143527307850595e-01 4.961877964205296809e-01 6.278509420515612227e-01 7.587069984248326904e-01 8.826188414449224195e-01 9.953971286685079356e-01 1.093887759517657710e+00 1.175569868332311918e+00 1.238318515784173623e+00 1.280575668315025784e+00 1.301683660109036911e+00 1.302552247428362175e+00 1.286230093112040507e+00 1.257991345322405641e+00 1.224532691813364771e+00 1.192382602797410263e+00 1.166437178029195998e+00 1.149335011359375880e+00 1.141686444758044594e+00 1.142749301139558638e+00 1.151105318336373973e+00 1.165112009400226967e+00 1.183156085872858920e+00 1.203780702523364221e+00 1.225725749031689960e+00 1.247923205852124351e+00 1.269480464144938425e+00 1.289667876525481649e+00 1.307911068987530401e+00 1.323779663190732370e+00 1.336982623261945058e+00 1.347364356045395173e+00 1.354907397734747443e+00 1.359729172581104484e+00 1.362070574015234792e+00 1.362278533889596632e+00 1.360780412805491224e+00 1.358052753050273509e+00 1.354591079567511347e+00 1.350874449480295780e+00 1.347335239587146516e+00 1.344336259567774583e+00 1.342156543656463530e+00
1.106327053031120444e+00 -9.468836404310498567e-13 -1.675809049095830145e-08 -6.910293047318834652e-06 -4.907882778236633036e-04 -1.569007432451881984e-02 2.723496457114604752e-01 2.063688705983798555e-01 2.938108876753052212e-01 4.107010166737761758e-01 5.396224115747344507e-01 6.703034283078426192e-01 7.958148592631070217e-01 9.112458454610867786e-01 1.012972258489978739e+00 1.098042020804373964e+00 1.164032277369462909e+00 1.209028866778196099e+00 1.232074992746828190e+00 1.233800681469992666e+00 1.217138514598691490e+00 1.187549319313371488e+00 1.152162364261891447e+00 1.118071379030525669e+00 1.090627697797746043e+00 1.072665492168595636e+00 1.064799644730746397e+00 1.066187960753609554e+00 1.075261570866586025e+00 1.090237204337744847e+00 1.109402556921299965e+00 1.131225317542682962e+00 1.154382200859303431e+00 1.177758475926036219e+00 1.200434987450267776e+00 1.221663628243338184e+00 1.240850822280739285e+00 1.257546786088811430e+00 1.271448961379233467e+00 1.282398586833804144e+00 1.290378405566260600e+00 1.295507980671704695e+00 1.298032600235795808e+00 1.298311837551217041e+00 1.296793552016207496e+00 1.293980772133595192e+00 1.290395047932024530e+00 1.286539425549259041e+00 1.282865780518275933e+00 1.279754783921966510e+00 1.277499864400907015e+00
1.129604383461326078e+00 -3.475152990959718958e-14 -1.559857427456727696e-09 -1.255881573016226063e-06 -1.400427757348720616e-04 -5.752436148753333964e-03 2.812068373823898848e-01 1.468895465460404726e-01 2.235451767185000216e-01 3.318510215660038232e-01 4.558293375508094547e-01 5.847390478695065896e-01 7.107153284236403801e-01 8.280925994023967673e-01 9.325823808659271519e-01 1.020810033578544607e+00 1.089917479402103373e+00 1.137650881056686103e+00 1.162667873694599230e+00 1.165272987750517686e+00 1.148254840650155817e+00 1.117196631475588564e+00 1.079714082361093785e+00 1.043515269209156937e+00 1.014427839436792489e+00 9.955306198734591439e-01 9.874373630216782827e-01 9.891644792893961036e-01 9.989884954849411747e-01 1.014990173881756608e+00 1.035336838254756309e+00 1.058405366123961411e+00 1.082818679310111554e+00 1.107425114023404156e+00 1.131271299500605343e+00 1.153579654790596765e+00 1.173739853392713917e+00 1.191293669987344872e+00 1.205928939929672872e+00 1.217476265692100323e+00 1.225911857834663721e+00 1.231358482445613189e+00 1.234073960849860541e+00 1.234433832185039881e+00 1.232904608777387612e+00 1.230009375834331120e+00 1.226294868759999490e+00 1.222291264616205186e+00 1.218477380182023895e+00 1.215254379004196306e+00 1.212929553391099979e+00
1.152881713891531712e+00 -7.158560972041447907e-16 -1.043616421138740322e-10 -1.863672969594094756e-07 -3.488632357504436050e-05 -1.949845364574228843e-03 8.176853234815312232e-01 9.932920525738499207e-02 1.635234649017589803e-01 2.607222570801803752e-01 3.774346747874973151e-01 5.027302856779298779e-01 6.278882812779991163e-01 7.463060848176691353e-01 8.530209051651844732e-01 9.440558321895027305e-01 1.016132474588623991e+00 1.066549776390785409e+00 1.093549661039716181e+00 1.097064957039310062e+00 1.079641779515992939e+00 1.047000741726227480e+00 1.007234258107917002e+00 9.687154493334199090e-01 9.378395519981683748e-01 9.179236590351509406e-01 9.095657318552407000e-01 9.116519605243430524e-01 9.222763355870333690e-01 9.393502388225867250e-01 9.609259285727920208e-01 9.853003247173177659e-01 1.011029189773621217e+00 1.036910167628252610e+00 1.061962540957318790e+00 1.085392389705811089e+00 1.106570422459131953e+00 1.125017768134209062e+00 1.140409896957139901e+00 1.152574051046467485e+00 1.161487435521858735e+00 1.167274226181465702e+00 1.170195690980623926e+00 1.170640237809242867e+00 1.169096301736070043e+00 1.166115949445349909e+00 1.162274014082553375e+00 1.158126169332826638e+00 1.154172091098758735e+00 1.150832625322537384e+00 1.148431028342056681e+00
1.176159044321737346e+00 -1.050576059486655279e-17 -5.640261965252218076e-12 -2.288429831236786135e-08 -7.511279365874220147e-06 -6.009063040445729482e-04 -9.777681876198800193e-02 6.338084243428482312e-02 1.142771941643724171e-01 1.982938423629134750e-01 3.053850613449519691e-01 4.250878915357528820e-01 5.479173754463577684e-01 6.663561072500958637e-01 7.745894876451181466e-01 8.680289232148939993e-01 9.428412740411306059e-01 9.958548468085005601e-01 1.024840211300166892e+00 1.029259802154550929e+00 1.011402582854677989e+00 9.770340406501605290e-01 9.347620580391863276e-01 8.937091418185452163e-01 8.608588191529847888e-01 8.398188089868739992e-01 8.311771505495725298e-01 8.336345274248351256e-01 8.450893298944700538e-01 8.632938959329012896e-01 8.861639495413016210e-01 9.118943754637640620e-01 9.389831695659083266e-01 9.661917636835418710e-01 9.925043444580722296e-01 1.017096056065402987e+00 1.039321077667396009e+00 1.058693271208179798e+00 1.074878491965254979e+00 1.087691820733291737e+00 1.097102719370743884e+00 1.103238681513684760e+00 1.106374352288455709e+00 1.106914615534830615e+00 1.105366651710847803e+00 1.102303562482206623e+00 1.098327928240894424e+00 1.094025602596329971e+00 1.089925931669539994e+00 1.086471566404234146e+00 1.083999796592328257e+00
1.199436374751942980e+00 -1.215578281440899349e-19 -2.311897675640885286e-13 -2.267359950927726381e-09 -1.386696071759688218e-06 -1.664787287661817744e-04 -1.931088348115796854e-02 3.790686612274903056e-02 7.581752470612558581e-02 1.452501248759392738e-01 2.405983939629445789e-01 3.526239117621967623e-01 4.714801743995006844e-01 5.887229596633397621e-01 6.976726256682447280e-01 7.929879085078530565e-01 8.702438296164516363e-01 9.257269618311906312e-01 9.566511660697474273e-01 9.619892353703850540e-01 9.436309241511863233e-01 9.073850369027157692e-01 8.623729621236063680e-01 8.185107137261768973e-01 7.834920652656326423e-01 7.612193854146337424e-01 7.522409659100707247e-01 7.550838020402862449e-01 7.674218211819356927e-01 7.868051396496205108e-01 8.110172460314124532e-01 8.381663336378746276e-01 8.666779066808829590e-01 8.952596821154221729e-01 9.228690542921940132e-01 9.486663712327526587e-01 9.719861775254501346e-01 9.923202510086142070e-01 1.009322281324882553e+00 1.022804615792999527e+00 1.032737558049212412e+00 1.039248293008181889e+00 1.042613623240471910e+00 1.043252394208374012e+00 1.041695907776129193e+00 1.038548595835864674e+00 1.034442569102336007e+00 1.029989985181798406e+00 1.025743168095555546e+00 1.022167069556680241e+00 1.019617184426266032e+00
1.222713705182148392e+00 2.028856664470264559e-23 -5.410758651985939021e-15 -1.669571940187260831e-10 -2.116188337884515533e-07 -4.073928622252779295e-05 -4.881654372645957522e-03 2.111794337568013644e-02 4.742860687633897177e-02 1.019367113010854337e-01 1.838262136105704436e-01 2.861667001089310269e-01 3.992657298220467776e-01 5.139676346337522794e-01 6.226725594821511667e-01 7.192419963652267878e-01 7.985726093767292477e-01 8.563284928830149356e-01 8.891465985416696638e-01 8.953666967711492175e-01 8.764605188005351044e-01 8.381638000013449386e-01 7.901265578662005629e-01 7.431761791238494785e-01 7.057492361027030148e-01 6.821017271224444345e-01 6.727537361313309372e-01 6.759895287959014620e-01 6.892383030054645143e-01 7.098609657127832318e-01 7.354839965921700085e-01 7.641025860301464689e-01 7.940818717843074470e-01 8.240928832431425599e-01 8.530556929989713266e-01 8.800990291801866761e-01 9.045426394484099575e-01 9.258722948443435241e-01 9.437307665987592076e-01 9.579156095021501560e-01 9.683894222147614306e-01 9.752835967182021948e-01 9.788890841889974492e-01 9.796404427926432845e-01 9.780867633950688367e-01 9.748554919652104855e-01 9.706099967243749793e-01 9.659966226585161575e-01 9.615995047739601675e-01 9.579059662817707155e-01 9.552848677342037353e-01
1.245991035612354025e+00 1.833156042862936185e-21 -1.385773059993248707e-16 -1.073342086911084181e-11 -2.757502775195607552e-08 -8.752476445668166326e-06 -1.261046986003959728e-03 1.090834061880653107e-02 2.779895888988437314e-02 6.813876032878961320e-02 1.356210905407699285e-01 2.264601217299525571e-01 3.319998431340951406e-01 4.426728550453188915e-01 5.500491299031017300e-01 6.471360140847123299e-01 7.280756015049645313e-01 7.878762689107843276e-01 8.224713875882461167e-01 8.295612570451763590e-01 8.100243278636248823e-01 7.694887719638082713e-01 7.181314911704549386e-01 6.677385708205004766e-01 6.276460744761512833e-01 6.024786487266519108e-01 5.926879886408078502e-01 5.963250623634119840e-01 6.105380530164106201e-01 6.324475294132960723e-01 6.595300399348029696e-01 6.896845687964318072e-01 7.211963059272878951e-01 7.526811697861270911e-01 7.830347368895140825e-01 8.113715445265355930e-01 8.369893367609879675e-01 8.593507762101554315e-01 8.780882473192608284e-01 8.929979481031816713e-01 9.040413788644381388e-01 9.113464714269269296e-01 9.152057838683562707e-01 9.160700104375015806e-01 9.145153894877252609e-01 9.112019138595570666e-01 9.068229365597734182e-01 9.020513956784935727e-01 8.974986570488550086e-01 8.936775681779652869e-01 8.909782377661058517e-01
1.269268366042559659e+00 1.424205917786726775e-22 -1.537546273351866927e-18 -4.412372038661903785e-13 -2.832192212307259473e-09 -1.626023127607563934e-06 -3.113815683274020183e-04 5.202058038503250791e-03 1.517611957619769726e-02 4.314757725008493139e-02 9.614350507288564607e-02 1.741443184322362947e-01 2.703739003187821122e-01 3.754605886689135197e-01 4.802965134375899448e-01 5.770439584808980671e-01 6.590551717614280269e-01 7.205754658566053683e-01 7.568344773628441491e-01 7.647236479720593838e-01 7.444920653383330089e-01 7.015126658648139779e-01 6.464777193371590291e-01 5.922778684937962668e-01 5.492061548359284950e-01 5.223320447489816498e-01 5.120470078929604263e-01 5.160833761078171822e-01 5.312857710210183715e-01 5.545462001213875558e-01 5.831580372488779362e-01 6.148976544178468284e-01 6.479887773283777852e-01 6.810080197602554897e-01 7.128096587513277349e-01 7.424780283735212816e-01 7.692994557385905985e-01 7.927310722802676235e-01 8.123908952397527194e-01 8.280575173534610034e-01 8.396868299256110557e-01 8.474126197059653753e-01 8.515409660448590712e-01 8.525357860466287185e-01 8.509895751176558276e-01 8.475898086886407556e-01 8.430652976564336765e-01 8.381277952839039092e-01 8.334205484084328264e-01 8.294785569495647382e-01 8.267050412191337960e-01
1.292545696472765293e+00 1.699991072137668556e-23 2.087827622095089458e-21 -1.604288392452059440e-14 -2.395439841625624001e-10 -2.553873854102003773e-07 -7.044446558914782075e-05 2.285668028042565480e-03 7.672965530113154235e-03 2.573650139150355023e-02 6.518807499271309092e-02 1.296062677055122292e-01 2.150341599109598933e-01 3.129497541311980213e-01 4.139386648950915126e-01 5.093879077942529143e-01 5.918160155910370257e-01 6.546977120912450543e-01 6.924209247253059196e-01 7.010627942192569906e-01 6.800404159482054123e-01 6.343959816514209704e-01 5.753132717391349349e-01 5.168512476014975876e-01 4.704616397750279733e-01 4.416835411104892417e-01 4.308052726248581821e-01 4.352439216883170481e-01 4.514865569643321530e-01 4.761418131166976764e-01 5.063343049355431003e-01 5.397302761501183710e-01 5.744641284893192701e-01 6.090593408137384701e-01 6.423492364059514292e-01 6.734020505459732409e-01 7.014779061850354713e-01 7.260123496994401737e-01 7.466162635434451245e-01 7.630677888897517969e-01 7.753169789548077784e-01 7.834899504395760328e-01 7.878967435846677692e-01 7.890201867601824848e-01 7.874830279401761057e-01 7.840037169371656400e-01 7.793403875586746299e-01 7.742343786468628419e-01 7.693618582312460319e-01 7.652873238603151718e-01 7.624376710018172520e-01
1.315823026902970927e+00 1.475517936929955043e-23 1.360867811060242908e-21 -4.215642598879424198e-16 -1.658304804698555936e-11 -3.481594276586714030e-08 -1.446887809113796802e-05 9.235620136479007940e-04 3.575157782111745407e-03 1.438864424786237203e-02 4.205463041093646104e-02 9.298681233430522441e-02 1.664747416408243474e-01 2.557455605936905796e-01 3.515177474333037733e-01 4.446038377293641264e-01 5.267224556736030960e-01 5.904975790153667026e-01 6.294838041985024724e-01 6.387701242620500430e-01 6.168835606599103460e-01 5.683392663006392453e-01 5.047711508696894889e-01 4.415705022376723021e-01 3.914493297842795982e-01 3.605254826336650731e-01 3.489758406939959534e-01 3.537993399424496643e-01 3.711065726738645432e-01 3.972250532633802012e-01 4.290646589074664785e-01 4.641627952724535211e-01 5.005913840687347127e-01 5.368279482915576661e-01 5.716600677974639222e-01 6.041313095360373309e-01 6.334944903488870516e-01 6.591769390162076636e-01 6.807695723185331893e-01 6.980332709555542303e-01 7.109158574052971691e-01 7.195511176163269518e-01 7.242581845534659113e-01 7.255289856445662489e-01 7.240043811804113272e-01 7.204360593289250714e-01 7.156228193674624150e-01 7.103466949738251879e-01 7.053144142946941031e-01 7.011118001032570213e-01 6.981834195185983027e-01
1.339100357333176561e+00 2.684643777077739289e-25 2.778108231509413667e-22 -6.004685121014680724e-18 -7.891684081181881684e-13 -3.718148162926107680e-09 -2.597543610086657529e-06 3.446793803977211057e-04 1.527647113987955175e-03 7.503728090936161686e-03 2.570152097492921575e-02 6.402109299019190236e-02 1.250366802942681210e-01 2.043690763483576589e-01 2.935747851588683677e-01 3.831612795591026188e-01 4.641356407051292488e-01 5.282950897457507899e-01 5.682511323846899387e-01 5.780958396365665219e-01 5.552433671480618838e-01 5.035590126960259871e-01 4.350468090728482062e-01 3.665250562702086490e-01 3.122262858939907626e-01 2.788862412745047314e-01 2.665353854639557207e-01 2.717409156906174239e-01 2.901552414774839495e-01 3.177755760554983322e-01 3.513199555548800479e-01 3.881951298191828048e-01 4.263753683375750558e-01 4.642916598697302000e-01 5.007131978069815359e-01 5.346609337514468541e-01 5.653577076754504604e-01 5.922156094059135567e-01 6.148220227156708795e-01 6.329342359649272609e-01 6.464871511836794982e-01 6.556054119082259657e-01 6.606170333633670788e-01 6.620359558357018503e-01 6.605322819573858917e-01 6.568853940581030892e-01 6.519236950305511424e-01 6.464669775907011529e-01 6.412602517062312435e-01 6.369233158384142168e-01 6.339217628336230037e-01
1.362377687763382195e+00 4.501587532291413669e-25 1.692621947232790031e-22 -1.027170386221472186e-19 -3.746679909427238615e-14 -3.591625824757765893e-10 -4.126845881178053227e-07 1.188803824514824710e-04 5.951664285122601266e-04 3.634540017830428446e-03 1.480860300144546358e-02 4.213392823829953393e-02 9.076259646912118728e-02 1.592525911368133096e-01 2.406106847913798419e-01 3.255291343561246276e-01 4.044606567608519110e-01 4.683932972966269870e-01 5.090146067114960093e-01 5.192710239014325380e-01 4.953847743073061527e-01 4.403091837436207689e-01 3.663335170145556319e-01 2.918671578696808155e-01 2.328440491260183043e-01 1.967761134498176301e-01 1.835068371912360607e-01 1.890569170743084115e-01 2.086053433910534938e-01 2.377976082806335933e-01 2.731041044589950784e-01 3.118002283043371237e-01 3.517930701654909953e-01 3.914559346183012489e-01 4.295123737068364811e-01 4.649677438342937341e-01 4.970398330654308694e-01 5.251243883578933236e-01 5.487842288439069849e-01 5.677656468899549003e-01 5.820043559265454247e-01 5.916305853007465254e-01 5.969734331386128412e-01 5.985534113274979529e-01 5.970661747979084666e-01 5.933294381706808451e-01 5.882162882899063527e-01 5.825839244228279146e-01 5.772069547899761899e-01 5.727315168267240741e-01 5.696469032420180545e-01
1.385655018193587829e+00 9.208003438086511511e-26 3.294034888621596136e-26 1.807364212614070878e-21 -8.631626093948599001e-16 -2.426156999718152463e-11 -5.549239610241593027e-08 3.916623022402664837e-05 2.106131444033374975e-04 1.627334997090460573e-03 8.014315991502610204e-03 2.638517690046313785e-02 6.345113461145231171e-02 1.206244386735016438e-01 1.930775543207408906e-01 2.721641521710831402e-01 3.480959409715383979e-01 4.111438619844555720e-01 4.520417352439471403e-01 4.625823247118361348e-01 4.375737457903711713e-01 3.788758137559122274e-01 2.988840559572014111e-01 2.177334447730498723e-01 1.533923155525388493e-01 1.142268849034804440e-01 9.987457079846433217e-02 1.057553766553422786e-01 1.264647994465463443e-01 1.572648247869898319e-01 1.944005358253501070e-01 2.349898227112251770e-01 2.768417443197224159e-01 3.182909382000836951e-01 3.580396700851456449e-01 3.950604146223243296e-01 4.285443727804466585e-01 4.578804197400176967e-01 4.826291408509964520e-01 5.025233616682402982e-01 5.174800521005186171e-01 5.276264751643995332e-01 5.333041655245533974e-01 5.350563669970143099e-01 5.336007060611847042e-01 5.297804105927244045e-01 5.245067809967897121e-01 5.186823983226480639e-01 5.131256644623354291e-01 5.085152047991687851e-01 5.053571581835119009e-01
1.408932348623793462e+00 2.882303250330624005e-27 8.791437096541095605e-24 1.550250260378955127e-21 -2.858114891540657052e-17 -1.607839173271207334e-12 -6.416254476612252589e-09 1.267041706299525621e-05 6.710158591031754383e-05 6.713007287108328867e-04 4.056153038744297543e-03 1.566947443612526011e-02 4.254514310054809817e-02 8.853812502513930260e-02 1.512945650243511519e-01 2.234959956082181731e-01 2.954447117829139269e-01 3.568837272716516851e-01 3.976469650695182434e-01 4.082941323110820253e-01 3.821235320986498540e-01 3.195723818356824841e-01 2.329739085184681924e-01 1.443247262678666876e-01 7.394532821368325626e-02 3.127514482663789480e-02 1.566566498112342484e-02 2.181979798250542266e-02 4.372223200154536082e-02 7.619331499483858461e-02 1.152035993788210200e-01 1.577349206883671973e-01 2.015152879432834110e-01 2.448101738722166520e-01 2.862866328832942009e-01 3.249086800482024473e-01 3.598572278452011330e-01 3.904945147336225109e-01 4.163611114587003059e-01 4.371859989594805707e-01 4.528875109212337491e-01 4.635877543601882311e-01 4.696228636819872460e-01 4.715494989616997312e-01 4.701169362784343719e-01 4.662108342723833565e-01 4.607827397157674976e-01 4.547703282490239141e-01 4.490274890087972426e-01 4.442684424790538378e-01 4.410268541316843538e-01
1.432209679053998874e+00 6.767032831254074211e-27 5.508067487389672299e-25 5.153174830304326848e-24 -2.725742153143550154e-19 -6.424548379371746417e-14 -6.192095817577586626e-10 5.210263418130847083e-06 1.921850593902493955e-05 2.532893335761021996e-04 1.913714974025731335e-03 8.787173019715686234e-03 2.727482200439334051e-02 6.275236734927308602e-02 1.154634255921188901e-01 1.798698219962622247e-01 2.468921869560742333e-01 3.059627786039906261e-01 3.461234265240675789e-01 3.567115352749247736e-01 3.293388893178384458e-01 2.627612915219128542e-01 1.689278345705139128e-01 7.184901328859258363e-02 -5.371512258481377089e-03 -5.204386386408493825e-02 -6.911662844430579988e-02 -6.272686970392438166e-02 -3.962339724078761671e-02 -5.440493989148227107e-03 3.551698939248863762e-02 8.004957967458496693e-02 1.257968245999791790e-01 1.709876333599655296e-01 2.142549431294877571e-01 2.545252417357238284e-01 2.909659775362437584e-01 3.229370876194068152e-01 3.499688422348263828e-01 3.717659541403118273e-01 3.882328387715092144e-01 3.994953124613382367e-01 4.059027766986842978e-01 4.080250526541120415e-01 4.066275976624297850e-01 4.026294749885638846e-01 3.970303371741175091e-01 3.908190928067578063e-01 3.848925010878451181e-01 3.799919968312688856e-01 3.766689092058490562e-01
1.455487009484204508e+00 9.856375131158404273e-29 2.831959197292228069e-25 1.004621997168186733e-22 5.579148811268370511e-21 -2.846322448974422472e-15 -4.903409119910603164e-11 -4.025618520208854922e-06 4.876605077928662915e-06 8.741949264397280055e-05 8.377132641064285882e-04 4.640413762268861229e-03 1.665063956171883991e-02 4.281791380003269198e-02 8.556350178025946829e-02 1.415547854367213698e-01 2.027693751436837888e-01 2.587140346208904318e-01 2.977772139801665441e-01 3.081165063389738612e-01 2.795616500733324461e-01 2.088216619859226686e-01 1.071253146725879013e-01 5.679191926001716595e-04 -8.444163654415905162e-02 -1.356649262078556961e-01 -1.544490126206079783e-01 -1.478958389929550254e-01 -1.235608866415624923e-01 -8.762052390831048809e-02 -4.467689483824090202e-02 1.917904735259637903e-03 4.969971309969575812e-02 9.682984662144245025e-02 1.419204645395223119e-01 1.838888977314841466e-01 2.218776644120030450e-01 2.552196307353035709e-01 2.834376985611862243e-01 3.062348618859511706e-01 3.235066740814013797e-01 3.353626177075665904e-01 3.421521438276856619e-01 3.444665003083653421e-01 3.431055024295578404e-01 3.390247287788237807e-01 3.332591894723586634e-01 3.268404331749439895e-01 3.207128316482297237e-01 3.156585541026584729e-01 3.122571386303622520e-01
1.478764339914410142e+00 2.870181840925414850e-28 7.700716197669904725e-26 1.607570474634840884e-24 3.421518237355572671e-23 -6.274686397015077206e-17 -3.272816720191016994e-12 -8.030663086272894445e-08 1.102220979355653660e-06 2.719112851874542447e-05 3.392558843733302137e-04 2.298325539685720093e-03 9.654303319727282340e-03 2.802673997263422853e-02 6.139748677957817397e-02 1.086599569512194385e-01 1.633577299658666160e-01 2.154323448664889895e-01 2.528944698186888496e-01 2.627971916506922079e-01 2.331194142433274663e-01 1.581814057181618050e-01 4.798864952781830423e-02 -6.921062486163460925e-02 -1.631044825396788245e-01 -2.195371789735114931e-01 -2.403012795998661633e-01 -2.336617075224989015e-01 -2.080991954477704187e-01 -1.703512667928021584e-01 -1.253574726154962071e-01 -7.665856784988366035e-02 -2.680048349170590510e-02 2.233120809788816108e-02 6.929998620840001344e-02 1.129981506962548232e-01 1.525648711586858330e-01 1.873260023123699269e-01 2.167784339829935403e-01 2.406034216044934393e-01 2.586935651855085117e-01 2.711626179634160638e-01 2.783625384892041699e-01 2.808874449264472384e-01 2.795607199485423133e-01 2.753825803300648523e-01 2.694413521728625804e-01 2.628178234078802356e-01 2.564933305811245012e-01 2.512814819507286912e-01 2.477906863711471508e-01
1.502041670344615776e+00 3.454191710438053965e-29 5.146345192860875722e-27 5.343576807230922115e-24 8.677622167543512068e-22 -1.763437466912933375e-18 -1.690966282090906577e-13 -4.584278842248144159e-09 2.154206456930242949e-07 7.700495491604598627e-06 1.263619384963197935e-04 1.064515618522575858e-03 5.296981378501028348e-03 1.755043487425635151e-02 4.253003921213863170e-02 8.115604895159035659e-02 1.288235407492293594e-01 1.763768479565644143e-01 2.117267654389432818e-01 2.210181873409754749e-01 1.903393738593034679e-01 1.112833615692570138e-01 -7.986655184321105744e-03 -1.371332871238049866e-01 -2.411754591414260462e-01 -3.035760337965613953e-01 -3.266508983759338069e-01 -3.200131386132806788e-01 -2.932116979162247561e-01 -2.536289514252138000e-01 -2.065399641487888349e-01 -1.556706636843763758e-01 -1.036856023584875330e-01 -5.252064401612605710e-02 -3.629586100318769101e-03 4.185629271620309316e-02 8.304392343994872194e-02 1.192481411233942690e-01 1.499633536078044949e-01 1.748602473299143423e-01 1.938069477861486534e-01 2.069056667929868865e-01 2.145184642279575338e-01 2.172616920892173620e-01 2.159843701764898871e-01 2.117153790586616124e-01 2.055880749733438040e-01 1.987399138051061664e-01 1.922056878274669423e-01 1.868392119298942500e-01 1.832684955734827925e-01
1.525319000774821410e+00 7.691229980338923678e-30 6.329086311177766605e-27 3.982444831557606157e-25 2.244345995911629746e-24 -1.998550178467907939e-20 -7.372344683084468374e-15 -3.260706877437676491e-10 3.757562312967380323e-08 1.922511648249616504e-06 4.314701486269505100e-05 4.595153304527845148e-04 2.743115577875846964e-03 1.048075746410795719e-02 2.836138942186583814e-02 5.882153704491006191e-02 9.922864517101963322e-02 1.417189401768062518e-01 1.744933663947512703e-01 1.830011402348168947e-01 1.515290093236044688e-01 6.858222033501307213e-02 -6.024490609592908497e-02 -2.027685734333047329e-01 -3.184449112934363835e-01 -3.876915629200331503e-01 -4.134493275745038665e-01 -4.069321488494330175e-01 -3.788968794813316054e-01 -3.374328880857936919e-01 -2.882060531877720932e-01 -2.351310621676995505e-01 -1.809640884098454028e-01 -1.277081821748866919e-01 -7.685964805271308653e-02 -2.955822249159032952e-02 1.329702873151920178e-02 5.099589914343136826e-02 8.300645474964157833e-02 1.089926531173236041e-01 1.288205166624697695e-01 1.425844797127675256e-01 1.506350427547348270e-01 1.535992246054157240e-01 1.523609572321465988e-01 1.479968575465262781e-01 1.416884843640659475e-01 1.346164857892296063e-01 1.278619513226710025e-01 1.223239752561424837e-01 1.186634994211845789e-01
1.548596331205027044e+00 3.600367314457487397e-30 1.729752039400260495e-29 2.618068770082531953e-25 5.772588638088579322e-23 5.878224246014506702e-21 -2.470569041228079040e-16 -1.713531192113170513e-11 5.395541932163318712e-09 4.372570831864279208e-07 1.343586349188310320e-05 1.838927766566509183e-04 1.336757140597510246e-03 5.952970414612751386e-03 1.815827023978807547e-02 4.126424447070470292e-02 7.448918595337876425e-02 1.115493587939868775e-01 1.413368776792994497e-01 1.489298898039350949e-01 1.169371134936530027e-01 3.054560220186022107e-02 -1.081772253339576273e-01 -2.656082977199928363e-01 -3.946474151984999956e-01 -4.717854994072374075e-01 -5.006523936655641327e-01 -4.943837061575434566e-01 -4.651315107173267793e-01 -4.217635551260859317e-01 -3.703467740273166386e-01 -3.150152151973518722e-01 -2.586344303062953487e-01 -2.032501795360392438e-01 -1.503883839969705483e-01 -1.012260839488011849e-01 -5.667774503615481685e-02 -1.745589812275589667e-02 1.589671408317283249e-02 4.301492327602066124e-02 6.374549574694345078e-02 7.818340566944151360e-02 8.668794526598924688e-02 8.989566211487483305e-02 8.870592075428691825e-02 8.423613077816262396e-02 7.772684889426539900e-02 7.042041415286856565e-02 6.344822195981716928e-02 5.774225755670794186e-02 5.398845135037828868e-02
1.571873661635232677e+00 9.908535073550295332e-32 4.280325694627309204e-28 4.565860415978924473e-26 9.814539367720582441e-25 1.300385762417166870e-24 -6.225039818187429359e-18 -1.043974115886874857e-12 7.210626970058301647e-10 8.508378476765900521e-08 3.780680001039152245e-06 6.822881453427097613e-05 6.106644246995130993e-04 3.207916735299126167e-03 1.113042232044216505e-02 2.795289685914702921e-02 5.436574021659398154e-02 8.584870670786749758e-02 1.123293850364961710e-01 1.189057404969513648e-01 8.676492002016504557e-02 -2.415872675107226097e-03 -1.510814009941998937e-01 -3.250705110751736515e-01 -4.694722812921073296e-01 -5.557232470686368497e-01 -5.882109732634519528e-01 -5.823407529951308836e-01 -5.518875582541598046e-01 -5.065923970941061949e-01 -4.529571874361459360e-01 -3.953258229185154238e-01 -3.366780386739198216e-01 -2.791295092744046635e-01 -2.242288348330910841e-01 -1.731627638897814403e-01 -1.268698094373741370e-01 -8.609082670344915533e-02 -5.137642983092988169e-02 -2.309725148165641881e-02 -1.422331821638446936e-03 1.371943648579531695e-02 2.268547782837233850e-02 2.613328336139110128e-02 2.499644728304067920e-02 2.042996418914112475e-02 1.371743842006192295e-02 6.159677500556499583e-03 -1.051116417749959351e-03 -6.933891704397399103e-03 -1.077379069459064032e-02
1.595150992065438089e+00 2.677422104303601606e-31 2.574526073611585059e-30 1.289634506676814544e-26 3.930395922056270229e-24 4.695761457222414690e-22 -1.130840074615178230e-19 -3.833982752860863404e-14 7.089474937038000185e-11 1.510030945670401408e-08 9.683628188512881516e-07 2.317510485214165235e-05 2.610759145892388596e-04 1.634873501865695931e-03 6.518868103661287598e-03 1.823370023520455227e-02 3.850004427639069915e-02 6.446317366383659542e-02 8.745319527342221289e-02 9.295124278838204357e-02 6.110805436204771318e-02 -2.992673785669811709e-02 -1.882506911546023010e-01 -3.804166073204838239e-01 -5.425684397993059127e-01 -6.393610809610283940e-01 -6.760473116154491757e-01 -6.707668512641318248e-01 -6.391432665533467450e-01 -5.918981231938721388e-01 -5.360082474129430619e-01 -4.760480558099348669e-01 -4.151025560603376352e-01 -3.553414576884085796e-01 -2.983591130208033126e-01 -2.453644127513600337e-01 -1.972996916733048556e-01 -1.549167544026173182e-01 -1.187968442416599546e-01 -8.933284997587875864e-02 -6.669932863138396117e-02 -5.082837666217147193e-02 -4.137076242270870674e-02 -3.767005836256494267e-02 -3.876252419034543345e-02 -4.344134268785861119e-02 -5.036213240465851199e-02 -5.816949134948593697e-02 -6.562378182411129912e-02 -7.169699163654158491e-02 -7.563743808281640779e-02
1.618428322495643723e+00 1.757551108718227733e-36 2.705551856647072394e-29 4.131868286295161457e-27 1.252625874911476674e-25 7.245652642085403535e-25 -1.598154276777034094e-21 -1.672411265591239477e-15 7.384573211808901244e-12 2.245739796794013465e-09 2.176666564277003489e-07 7.275063303699146495e-06 1.038402872804095528e-04 7.863570606929792947e-04 3.636777524358229905e-03 1.143338571291672469e-02 2.638564064819656080e-02 4.714641800597881016e-02 6.657093718691482753e-02 7.100088807065492447e-02 3.994964168388195208e-02 -5.173413000389904398e-02 -2.189151228094934898e-01 -4.308399566263108049e-01 -6.134538067615579182e-01 -7.225440906116922246e-01 -7.640950851321600679e-01 -7.596019082551228596e-01 -7.268619179257295171e-01 -6.776589990648975714e-01 -6.194854053861944543e-01 -5.571581228768410776e-01 -4.938844909344295431e-01 -4.318882634556846511e-01 -3.727875791970514108e-01 -3.178174776929744705e-01 -2.679490604044884039e-01 -2.239420958004083861e-01 -1.863848219911909687e-01 -1.556910590596141675e-01 -1.320668371411719555e-01 -1.154550220548540285e-01 -1.055003468007676276e-01 -1.015312419556107931e-01 -1.025655917737111483e-01 -1.073611526137022848e-01 -1.145107739573783950e-01 -1.225887666974661977e-01 -1.302925366956972641e-01 -1.365522068811053369e-01 -1.405920817921569033e-01
1.641705652925849357e+00 1.738705373177069468e-32 7.837907726277366503e-31 6.983649089417452846e-28 2.862790333096849120e-25 3.691308826140034895e-23 3.165825427383274734e-21 -4.391512473643079557e-17 4.598520490844395783e-13 2.940171449961228327e-10 4.532764597537824805e-08 2.057508154610274883e-06 3.836634281380426535e-05 3.558105219873339145e-04 1.929372026473373351e-03 6.871668684285226619e-03 1.747224322618122147e-02 3.350768005831800816e-02 4.947307439035517063e-02 5.286463871394230657e-02 2.315954804434320474e-02 -6.774747948436284084e-02 -2.423416798632348490e-01 -4.753358819489605924e-01 -6.816259230387303747e-01 -8.050333455517713066e-01 -8.522768637529937186e-01 -8.488069271672585847e-01 -8.149913182075071427e-01 -7.638360141911512136e-01 -7.033639750335963781e-01 -6.386455991279184063e-01 -5.730092424222972269e-01 -5.087449051954745505e-01 -4.475046683659423263e-01 -3.905347147738080782e-01 -3.388193684225295765e-01 -2.931481276573819628e-01 -2.541303831570032035e-01 -2.221882861331424264e-01 -1.975400786143339249e-01 -1.801521301178925782e-01 -1.696848900483567402e-01 -1.654512743329148716e-01 -1.664339539441886395e-01 -1.713431108616527143e-01 -1.787217690929364944e-01 -1.870842252010674056e-01 -1.950597270830322361e-01 -2.015224640359852548e-01 -2.056609590204694360e-01
1.664982983356054991e+00 2.350603302462956210e-34 1.723145252572549322e-30 3.400824501749502650e-28 1.082714386272557469e-26 1.778271680244365254e-26 5.066754541080117335e-26 -1.052635396177498468e-18 3.725573515517936083e-14 3.410688230399392434e-11 7.839691511976793074e-09 5.342361745470607183e-07 1.312023603591017389e-05 1.508530589201396012e-04 9.706396747342453928e-04 3.952473855931617000e-03 1.115066798924181993e-02 2.310649526792951658e-02 3.582234799045889290e-02 3.828643367233568878e-02 1.043687951872333472e-02 -7.804218686833221119e-02 -2.579160410479688359e-01 -5.127441931001536224e-01 -7.464033313058914265e-01 -8.866357593347053978e-01 -9.404597731667240224e-01 -9.383185762860764001e-01 -9.035009628921651936e-01 -8.503858426138996007e-01 -7.876051383532393091e-01 -7.204825256653935028e-01 -6.524659539068252689e-01 -5.859061180792385359e-01 -5.224912226998699172e-01 -4.634962937084969314e-01 -4.099156406732520908e-01 -3.625479059165954143e-01 -3.220259962779895013e-01 -2.888051531326341070e-01 -2.631183798706385746e-01 -2.449389330089296046e-01 -2.339326598838552262e-01 -2.294169669807022693e-01 -2.303523565189703193e-01 -2.353942543903428941e-01 -2.430173711281955473e-01 -2.516677037133767114e-01 -2.599190546669604140e-01 -2.665965727636616656e-01 -2.708482471886216048e-01
1.688260313786260625e+00 1.084538609932738316e-33 9.696439354138144370e-32 4.520629362620841732e-29 2.271069914432278540e-26 3.041027084301715813e-24 2.704106481866374738e-22 -7.073498491182332311e-21 1.490130573327074622e-15 2.959557616233129716e-12 1.304213204083298898e-09 1.242953639499088927e-07 4.105400613821232438e-06 5.994753601491435290e-05 4.616539937872594273e-04 2.170447608535279287e-03 6.846973606841066234e-03 1.542801820009222571e-02 2.523572777430212188e-02 2.689386115505571287e-02 1.389007471150561536e-03 -8.298411141519992928e-02 -2.651486528916552343e-01 -5.417949716012459005e-01 -8.069482433837821267e-01 -9.670480281231073061e-01 -1.028576585955879974e+00 -1.028041043951869460e+00 -9.923236673752720005e-01 -9.372787247275785605e-01 -8.721752159350402156e-01 -8.026337614794626374e-01 -7.322251993963571071e-01 -6.633563932262683815e-01 -5.977472120585038962e-01 -5.366934721896062799e-01 -4.812164651754614053e-01 -4.321327524361492367e-01 -3.900854825996339370e-01 -3.555482012962254412e-01 -3.287870541530873436e-01 -3.097993586260759380e-01 -2.982508376524896643e-01 -2.934461984305287707e-01 -2.943228549193580568e-01 -2.995002014424204551e-01 -3.073878131210951992e-01 -3.163517987744957072e-01 -3.248934070975352251e-01 -3.317854055907485944e-01 -3.361484428394554413e-01
1.711537644216466258e+00 4.392135172390954892e-35 1.164782221614550161e-31 2.681634973750029993e-29 7.034561031306904542e-28 2.809079968157803314e-27 2.177846772095863660e-24 -2.003864399405669699e-22 7.978841287017588938e-17 2.858845541670164344e-13 1.709669290018516533e-10 2.566789138949612681e-08 1.194106977453813925e-06 2.208370566999448627e-05 2.073434771990245685e-04 1.135102661583263679e-03 4.037809043049877741e-03 9.956223081862967950e-03 1.726749262622999034e-02 1.827337498617206263e-02 -4.513595234945535703e-03 -8.313540803167186743e-02 -2.639525810743054701e-01 -5.609689404780348054e-01 -8.623017615172798855e-01 -1.045915453972597220e+00 -1.116468460466866430e+00 -1.117937198132221699e+00 -1.081383702627515930e+00 -1.024443076931536467e+00 -9.570418830765585749e-01 -8.850735265885456560e-01 -8.122585005415288162e-01 -7.410678769423502121e-01 -6.732517563742290712e-01 -6.101246147253945873e-01 -5.527230078761993237e-01 -5.018875950423898891e-01 -4.582903535854113697e-01 -4.224204340481255149e-01 -3.945605946712563705e-01 -3.747312122489623309e-01 -3.626214626894150861e-01 -3.575294929149558376e-01 -3.583584379968602907e-01 -3.636759296721310819e-01 -3.718314736306668200e-01 -3.811240506408664630e-01 -3.899790633755160774e-01 -3.971055313173274537e-01 -4.015843111083376438e-01
1.734814974646671892e+00 6.916168841159896729e-35 8.923137563796987893e-33 3.658334306794573361e-30 1.947377374483263422e-27 2.563971749094087598e-25 2.275224407418537022e-23 1.699737398890077271e-21 2.722109082903448440e-18 1.502784140055500842e-14 2.100224917556527660e-11 4.937222048205295454e-09 3.092391349446360941e-07 7.594904367562496978e-06 8.750499681469169685e-05 5.644527643787978968e-04 2.281349751424699163e-03 6.201790704628834874e-03 1.145522776768674242e-02 1.197364326020243334e-02 -7.855497609341472592e-03 -7.931386327738573772e-02 -2.546137057600525444e-01 -5.688109332880030289e-01 -9.110981473849645296e-01 -1.122901557097777836e+00 -1.203978620409178024e+00 -1.207875498395964531e+00 -1.170645613924132578e+00 -1.111821410644972197e+00 -1.042133449574347503e+00 -9.677651754831423370e-01 -8.925441639005331496e-01 -8.190199915174075640e-01 -7.489816659486231432e-01 -6.837664117778293749e-01 -6.244267363207839372e-01 -5.718183901442493999e-01 -5.266357690393015378e-01 -4.894029776705010049e-01 -4.604280199078410463e-01 -4.397449900723916505e-01 -4.270534911879941831e-01 -4.216573868492788368e-01 -4.224425030775244005e-01 -4.279204351000917006e-01 -4.363653027622306779e-01 -4.459968480927541390e-01 -4.551731267851426010e-01 -4.625475258467821593e-01 -4.671566672870305359e-01
1.758092305076877526e+00 4.786487540083620884e-36 8.622887940715649857e-33 2.050341439260767220e-30 2.970420441968052689e-29 3.663812793002853453e-27 1.032973025680060795e-24 4.165986291309029473e-23 5.740876430989148227e-20 1.169294558297626414e-15 2.242496194953273758e-12 7.717660953071668922e-10 7.492673627840210262e-08 2.404876563120167980e-06 3.462006084494041811e-05 2.661701537696048859e-04 1.233359350804968252e-03 3.719996943408062327e-03 7.361080807545143483e-03 7.533089513096048045e-03 -9.237502250773769671e-03 -7.249629169075541557e-02 -2.379829996193278396e-01 -5.638944954799171017e-01 -9.517697033245130500e-01 -1.197428443690442323e+00 -1.291004134168634909e+00 -1.297756886413868216e+00 -1.259978722203296986e+00 -1.199371921568106458e+00 -1.127409508088957679e+00 -1.050644119092204898e+00 -9.730415877124796165e-01 -8.971910081679248528e-01 -8.249223403369144725e-01 -7.576022427311636109e-01 -6.963057857835439624e-01 -6.419091127868298274e-01 -5.951245091912773511e-01 -5.564997867440062418e-01 -5.263770158738361182e-01 -5.048226484529377833e-01 -4.915453182348982764e-01 -4.858423853860798780e-01 -4.865772004729502220e-01 -4.922214133914449286e-01 -5.009783780914286444e-01 -5.109775600902267678e-01 -5.204945502638099741e-01 -5.281215851080756085e-01 -5.328622852123096054e-01
1.781369635507083160e+00 4.713586150817588455e-36 6.930627315098590749e-34 3.625139848924851040e-31 1.753945179446645866e-28 2.120685984242391349e-26 1.784760279882592741e-24 1.408046115651135016e-22 1.162109478340567319e-20 4.392328464334240225e-17 1.717973414650089950e-13 1.216196718545393656e-10 1.598019823676628082e-08 6.984283923555161705e-07 1.285300165914407840e-05 1.185714719253042418e-04 6.365383814805816850e-04 2.146553525104082007e-03 4.571861391675255577e-03 4.532820478563914096e-03 -9.248327630021991805e-03 -6.371080170876038118e-02 -2.154849359929849328e-01 -5.451787437130017899e-01 -9.822557549414091538e-01 -1.268940479445978875e+00 -1.377272722699432794e+00 -1.387517720907638363e+00 -1.349309954984049043e+00 -1.286967984606256055e+00 -1.212819341222753033e+00 -1.133681475756150858e+00 -1.053698723967936957e+00 -9.755387089794597122e-01 -9.010499942861502909e-01 -8.316197081424770987e-01 -7.683501876540520525e-01 -7.121425377072420071e-01 -6.637370695141338039e-01 -6.237053129841050314e-01 -5.924145729862455578e-01 -5.699605464495302032e-01 -5.560801296965057761e-01 -5.500719869367026726e-01 -5.507687848660264285e-01 -5.565894817251383353e-01 -5.656684259677271509e-01 -5.760557741197886994e-01 -5.859399715235337203e-01 -5.938411884481855640e-01 -5.987200122893150400e-01
1.804646965937288572e+00 4.186546041351710314e-37 7.044075074590752068e-34 1.495057902823937252e-31 2.635607100871939700e-31 1.319322685185888148e-27 2.680878837591674619e-25 1.748346638075875003e-23 3.187087973241819351e-22 1.842460254413904959e-18 1.663087040100733625e-14 1.454138329747213874e-11 3.046601491274066205e-09 1.895822230236257587e-07 4.406166184782200618e-06 4.995355256981287800e-05 3.127499512721966177e-04 1.189149133896136171e-03 2.741718107747192004e-03 2.590155033292368229e-03 -8.394402400223993296e-03 -5.397067761913496714e-02 -1.889487975240120021e-01 -5.125132012259704384e-01 -9.998657036829619038e-01 -1.336703375817099193e+00 -1.462621409867649547e+00 -1.476948293019639813e+00 -1.438571189639533898e+00 -1.374555103255634458e+00 -1.298248039937104581e+00 -1.216817923770403986e+00 -1.134491827190085012e+00 -1.054025362492380768e+00 -9.773238941132111890e-01 -9.057927520735885585e-01 -8.405461736321074850e-01 -7.825128024995752218e-01 -7.324621295611879468e-01 -6.910007273918006288e-01 -6.585271718944442076e-01 -6.351614231393348797e-01 -6.206610624864772330e-01 -6.143354972533906500e-01 -6.150017528635051134e-01 -6.210213352111554341e-01 -6.304468055518105407e-01 -6.412390870779556273e-01 -6.515058159596538445e-01 -6.596999492704197499e-01 -6.647328439111562792e-01
