1.804646965937289167e-03 -1.787178351238956908e-01 -1.787185429803147541e-01 -1.787191221959072429e-01 -1.618209343797002986e-01 -1.787200225344057480e-01 -1.787204090815481539e-01 -1.787208534555812522e-01 -1.787216260457699102e-01 -1.787182864372262869e-01 -1.787194158900431151e-01 -1.787197742884156781e-01 -1.787198926797836374e-01 -1.787202665606932861e-01 -1.787204414379020001e-01 -1.787205253542811789e-01 -1.787205767072553575e-01 -1.787206176737752006e-01 -1.787206494776875931e-01 -1.787206712087710259e-01 -1.787206911134396059e-01 -1.787207062823376880e-01 -1.787207270222960775e-01 -1.787207391874092166e-01 -1.787207501390946085e-01 -1.787207601125450906e-01 -1.787207723432108486e-01 -1.787207777204037062e-01 -1.787207965337014037e-01 -1.787208192484467384e-01 -1.787208083508008138e-01 -1.787208371656802131e-01 -1.787208631501206180e-01 -1.787209132860227145e-01 -1.787210398822836055e-01 -1.787239996033899159e-01 -1.787207401155266606e-01 -1.787207615167113739e-01 -1.787207617394474257e-01 -1.787207676121799205e-01 -1.787207775769430740e-01 -1.787207809299342365e-01 -1.787207819785421314e-01 -1.787207852424891330e-01 -1.787207856443184806e-01 -1.787207881592947911e-01 -1.787207891314639419e-01 -1.787207892656711428e-01 -1.787207894280671561e-01 -1.787207917879305996e-01 -1.787207892356340588e-01 -1.787207933803077187e-01
2.115230855011921568e-03 -2.087442007682928091e-01 -2.087449833170809677e-01 -2.087456885455649391e-01 -1.891325978765038551e-01 -2.087466965951884912e-01 -2.087471161258997177e-01 -2.087475971156549370e-01 -2.087485562468335831e-01 -2.087447016080619111e-01 -2.087460277456129609e-01 -2.087464182591825534e-01 -2.087465673456448678e-01 -2.087469351184871591e-01 -2.087472173908154205e-01 -2.087472903558962867e-01 -2.087472993065707660e-01 -2.087473393387690168e-01 -2.087473828702417489e-01 -2.087473861407244669e-01 -2.087474154017134043e-01 -2.087474213484496466e-01 -2.087475342414527313e-01 -2.087475504170647755e-01 -2.087475635981450584e-01 -2.087475739783974660e-01 -2.087476380335061832e-01 -2.087475662911391916e-01 -2.087478327464221961e-01 -2.087483086028719959e-01 -2.087476344261488259e-01 -2.087476506712949154e-01 -2.087476698742047887e-01 -2.087477089447943024e-01 -2.087478816014409488e-01 -2.087512671594930758e-01 -2.087475360353417131e-01 -2.087475620376570695e-01 -2.087474986808972033e-01 -2.087475079443684156e-01 -2.087475751085429987e-01 -2.087475857508441224e-01 -2.087475771609848263e-01 -2.087475961060590302e-01 -2.087475849765553781e-01 -2.087476009108103769e-01 -2.087476014341593522e-01 -2.087475929055700452e-01 -2.087475843288496558e-01 -2.087476022648706298e-01 -2.087475594050259564e-01 -2.087476027609278251e-01
2.479266944973179069e-03 -2.435098320804999494e-01 -2.435106749306996943e-01 -2.435115425613057494e-01 -2.208271107322490046e-01 -2.435126497808920432e-01 -2.435130889962752176e-01 -2.435135904659489203e-01 -2.435147991350685714e-01 -2.435103748140983182e-01 -2.435119329659566623e-01 -2.435123444780754598e-01 -2.435125355224494192e-01 -2.435128568390231840e-01 -2.435133098810754460e-01 -2.435133564204626511e-01 -2.435132873645914353e-01 -2.435133226288573594e-01 -2.435133843320133051e-01 -2.435133541658140999e-01 -2.435133985936692724e-01 -2.435133877864532337e-01 -2.435136599093606913e-01 -2.435136826073230620e-01 -2.435136992915367116e-01 -2.435137100631938611e-01 -2.435138638105044939e-01 -2.435136578285357900e-01 -2.435143543248926568e-01 -2.435156177298881952e-01 -2.435137899455356303e-01 -2.435137824787872163e-01 -2.435137877986428834e-01 -2.435138031406994252e-01 -2.435140440498465286e-01 -2.435178814963238347e-01 -2.435136488370987229e-01 -2.435136811606555263e-01 -2.435135074387295706e-01 -2.435135224142802590e-01 -2.435136885979104493e-01 -2.435137119687860452e-01 -2.435136868409936428e-01 -2.435137331215259104e-01 -2.435137022039465249e-01 -2.435137415922305482e-01 -2.435137415590988008e-01 -2.435137182427691005e-01 -2.435136947361450921e-01 -2.435137398708305256e-01 -2.435136273514516003e-01 -2.435137388853952367e-01
2.905954482401876347e-03 -2.835895127436979801e-01 -2.835903841945083270e-01 -2.835914642707247912e-01 -2.574774818801804921e-01 -2.835926452412396714e-01 -2.835930778356177129e-01 -2.835935682246378264e-01 -2.835951158187238752e-01 -2.835900738257205456e-01 -2.835919058651438229e-01 -2.835923162208832671e-01 -2.835925654575278121e-01 -2.835927710754858055e-01 -2.835934919492139605e-01 -2.835934857146004129e-01 -2.835932809664242216e-01 -2.835933041755839268e-01 -2.835933932018371295e-01 -2.835933051308728303e-01 -2.835933732190744072e-01 -2.835933332343700819e-01 -2.835938700629389020e-01 -2.835939029684818591e-01 -2.835939250018767455e-01 -2.835939360733102377e-01 -2.835942393070518541e-01 -2.835938089625286151e-01 -2.835952236362073164e-01 -2.835978028543781893e-01 -2.835940472876389840e-01 -2.835939988018242874e-01 -2.835939790500007773e-01 -2.835939504065570493e-01 -2.835942934516328950e-01 -2.835985884595494944e-01 -2.835938469641463011e-01 -2.835938884249807890e-01 -2.835935307867930022e-01 -2.835935554230651912e-01 -2.835938869145774865e-01 -2.835939319082597665e-01 -2.835938796664453365e-01 -2.835939719807714088e-01 -2.835939085464299070e-01 -2.835939875196389348e-01 -2.835939870487683145e-01 -2.835939395586439260e-01 -2.835938916207441651e-01 -2.835939825567720396e-01 -2.835937543061025079e-01 -2.835939799808105399e-01
3.406075925350955744e-03 -3.295324800259347708e-01 -3.295333215859155840e-01 -3.295346836146756941e-01 -2.996586587933072199e-01 -3.295358863586148601e-01 -3.295362661102044788e-01 -3.295366903205430020e-01 -3.295387045670884474e-01 -3.295330141683500691e-01 -3.295351699316282357e-01 -3.295355400389413658e-01 -3.295358709689435450e-01 -3.295358484081175043e-01 -3.295369844946854365e-01 -3.295368831323763903e-01 -3.295364522581314404e-01 -3.295364510421183724e-01 -3.295365805318325458e-01 -3.295363957812171840e-01 -3.295364997274881635e-01 -3.295364104270278593e-01 -3.295373740942629803e-01 -3.295374219505845526e-01 -3.295374512092733021e-01 -3.295374614490272913e-01 -3.295380056464702334e-01 -3.295372106009363811e-01 -3.295397881079615843e-01 -3.295444992558290154e-01 -3.295376176313797867e-01 -3.295374995212004277e-01 -3.295374363800182560e-01 -3.295373311296677099e-01 -3.295378264835807647e-01 -3.295425485251395337e-01 -3.295373292540957899e-01 -3.295373834749620867e-01 -3.295367277358429714e-01 -3.295367677033004816e-01 -3.295373665974004052e-01 -3.295374466572668082e-01 -3.295373507006695291e-01 -3.295375177461711269e-01 -3.295374019585813330e-01 -3.295375453365954610e-01 -3.295375445402791703e-01 -3.295374583367702281e-01 -3.295373712912385011e-01 -3.295375368287947193e-01 -3.295371216970249262e-01 -3.295375326674040983e-01
3.992269417677330769e-03 -3.818050802294465362e-01 -3.818057945826134891e-01 -3.818075364247625614e-01 -3.479035785176026185e-01 -3.818086712849412256e-01 -3.818089234271114241e-01 -3.818091922812739125e-01 -3.818118555058632180e-01 -3.818055184530945168e-01 -3.818080573189593929e-01 -3.818083229922056843e-01 -3.818087694200513749e-01 -3.818083430701636471e-01 -3.818101141672750609e-01 -3.818098520171640531e-01 -3.818090571388332854e-01 -3.818090117132529882e-01 -3.818092005567929603e-01 -3.818088597142887397e-01 -3.818090171675298516e-01 -3.818088474210812322e-01 -3.818104821683894756e-01 -3.818105515302362418e-01 -3.818105902806229746e-01 -3.818105974466451946e-01 -3.818115202862887303e-01 -3.818101480189451946e-01 -3.818145596434989186e-01 -3.818226352934737666e-01 -3.818108166146249038e-01 -3.818105844448372310e-01 -3.818104494511564417e-01 -3.818102171645807452e-01 -3.818109384245950144e-01 -3.818159995470989387e-01 -3.818103945537405508e-01 -3.818104662211663225e-01 -3.818093393294134663e-01 -3.818094025955806603e-01 -3.818104224933583368e-01 -3.818105573359666938e-01 -3.818103919983432681e-01 -3.818106765126109137e-01 -3.818104777941687122e-01 -3.818107224355467011e-01 -3.818107208426357868e-01 -3.818105733114154354e-01 -3.818104243198817138e-01 -3.818107072810575930e-01 -3.818099971208993026e-01 -3.818107001813920709e-01
4.679348156832245816e-03 -4.407120315000826460e-01 -4.407124656309798216e-01 -4.407147231802148180e-01 -4.026386791996271475e-01 -4.407156463374353739e-01 -4.407156559635989068e-01 -4.407156325849218570e-01 -4.407192023442307871e-01 -4.407122723363137706e-01 -4.407152652605321741e-01 -4.407153271329985467e-01 -4.407159371502813450e-01 -4.407148443540500615e-01 -4.407175720041954237e-01 -4.407170521935150909e-01 -4.407156906558457043e-01 -4.407155720418851064e-01 -4.407158481487958301e-01 -4.407152640415990530e-01 -4.407155010374256277e-01 -4.407152051216002286e-01 -4.407178698846530018e-01 -4.407179702553128409e-01 -4.407180216064332523e-01 -4.407180220939961868e-01 -4.407195255812786372e-01 -4.407172632731706785e-01 -4.407244953490135897e-01 -4.407377470126114249e-01 -4.407183284166210080e-01 -4.407179155938404924e-01 -4.407176660814960956e-01 -4.407172314378672295e-01 -4.407182845067897925e-01 -4.407235117440624350e-01 -4.407177034683716910e-01 -4.407177987289336296e-01 -4.407159458317326806e-01 -4.407160436074474275e-01 -4.407177097840597746e-01 -4.407179279504004898e-01 -4.407176550932422332e-01 -4.407181194862051510e-01 -4.407177925110989380e-01 -4.407181922169030042e-01 -4.407181887811500443e-01 -4.407179463450700552e-01 -4.407177015142381693e-01 -4.407181645216972088e-01 -4.407170000732886228e-01 -4.407181518852137381e-01
5.484674725582132718e-03 -5.063002050239849838e-01 -5.063001300568320540e-01 -5.063030876826133397e-01 -4.640985030296166380e-01 -5.063035808997520260e-01 -5.063031789167481422e-01 -5.063026621839621377e-01 -5.063074938207594577e-01 -5.063000972880119521e-01 -5.063036284082712557e-01 -5.063033398403332663e-01 -5.063041801840060252e-01 -5.063020421404239579e-01 -5.063061819087034676e-01 -5.063052659459812421e-01 -5.063030492329528842e-01 -5.063028162486693518e-01 -5.063032195519852063e-01 -5.063022685228499853e-01 -5.063026225662022872e-01 -5.063021359717313485e-01 -5.063063420479847476e-01 -5.063064876174238060e-01 -5.063065567082477569e-01 -5.063065461415430235e-01 -5.063089184620789274e-01 -5.063053217487764046e-01 -5.063167784849985642e-01 -5.063377846579958375e-01 -5.063069775297793784e-01 -5.063062902899765350e-01 -5.063058658019878866e-01 -5.063051214632747765e-01 -5.063066557051023597e-01 -5.063117595390211889e-01 -5.063060562671837239e-01 -5.063061839495690553e-01 -5.063032427169288363e-01 -5.063033911696700473e-01 -5.063060243133088445e-01 -5.063063665734468533e-01 -5.063059320636776883e-01 -5.063066652125994827e-01 -5.063061455383167653e-01 -5.063067768579175842e-01 -5.063067700550932804e-01 -5.063063848663973410e-01 -5.063059958590260257e-01 -5.063067278489824519e-01 -5.063048823383986541e-01 -5.063067055837066066e-01
6.428599847078629581e-03 -5.782589216714235647e-01 -5.782580131507741861e-01 -5.782619141259262019e-01 -5.322262548409082417e-01 -5.782616637337752996e-01 -5.782606120741120570e-01 -5.782593192490395051e-01 -5.782658872870132249e-01 -5.782582451552507052e-01 -5.782624126452081681e-01 -5.782615673551703139e-01 -5.782627275982097359e-01 -5.782590196099620661e-01 -5.782651924953944311e-01 -5.782636893171765324e-01 -5.782602215168776150e-01 -5.782598172315883689e-01 -5.782604021361006374e-01 -5.782589147934242835e-01 -5.782594372831654228e-01 -5.782586718217677113e-01 -5.782651195015954260e-01 -5.782653299539272096e-01 -5.782654241061103706e-01 -5.782653967983621968e-01 -5.782690328915660594e-01 -5.782634936432415884e-01 -5.782810982484924978e-01 -5.783133903518746788e-01 -5.782660069052093510e-01 -5.782649174655967172e-01 -5.782642353608724584e-01 -5.782630341326122636e-01 -5.782652527634660755e-01 -5.782697942135940350e-01 -5.782646661705743707e-01 -5.782648386084057179e-01 -5.782603134209800544e-01 -5.782605351837563079e-01 -5.782645748984688305e-01 -5.782650976361519701e-01 -5.782644279390761755e-01 -5.782655521316236724e-01 -5.782647521372951127e-01 -5.782657205084335006e-01 -5.782657088930127642e-01 -5.782651160920746491e-01 -5.782645173874910727e-01 -5.782656408106613410e-01 -5.782628044115387667e-01 -5.782656046634757629e-01
7.534976650684235312e-03 -6.558433749534751112e-01 -6.558411977638411994e-01 -6.558463526550311062e-01 -6.065785145098133713e-01 -6.558449344897666622e-01 -6.558429153839311354e-01 -6.558404692595071195e-01 -6.558493840860255553e-01 -6.558418338632299172e-01 -6.558467496049115164e-01 -6.558450718947751445e-01 -6.558466676158443143e-01 -6.558406960498792682e-01 -6.558497126204231309e-01 -6.558473699336502261e-01 -6.558421307567886549e-01 -6.558414792126830983e-01 -6.558423157619801547e-01 -6.558400690370533859e-01 -6.558408262803726574e-01 -6.558396654506890577e-01 -6.558492714379871025e-01 -6.558495717757329979e-01 -6.558496998676293099e-01 -6.558496477266232416e-01 -6.558550645256658873e-01 -6.558467853847119722e-01 -6.558730575363100890e-01 -6.559212629192789912e-01 -6.558505046392696380e-01 -6.558488449518169450e-01 -6.558477965574983637e-01 -6.558459448775997291e-01 -6.558491124796680394e-01 -6.558524754621027908e-01 -6.558485844397141662e-01 -6.558488177237825623e-01 -6.558420593818659050e-01 -6.558423843207611403e-01 -6.558484068365565411e-01 -6.558491842167126773e-01 -6.558481832939774270e-01 -6.558498590807866346e-01 -6.558486642979703962e-01 -6.558501082154901685e-01 -6.558500902441695146e-01 -6.558492052031111852e-01 -6.558483113098867445e-01 -6.558499869639856650e-01 -6.558457540839500721e-01 -6.558499320864001891e-01
8.831763444128122587e-03 -7.378566848521503907e-01 -7.378526860076676241e-01 -7.378594748908032797e-01 -6.862646116101499549e-01 -7.378563474860743154e-01 -7.378529590993462284e-01 -7.378488827427155394e-01 -7.378608960717473186e-01 -7.378539084884693233e-01 -7.378596955200485974e-01 -7.378568359300811119e-01 -7.378590097654039726e-01 -7.378499031584812018e-01 -7.378627731523222932e-01 -7.378592746649320633e-01 -7.378516135550554633e-01 -7.378506191462150809e-01 -7.378517941309574724e-01 -7.378485088831590044e-01 -7.378495830871937278e-01 -7.378478808438360126e-01 -7.378617892122975030e-01 -7.378622100760618974e-01 -7.378623826049504064e-01 -7.378622949239832529e-01 -7.378701373131565378e-01 -7.378581219856527040e-01 -7.378962074468465859e-01 -7.379661040818252804e-01 -7.378634804313420892e-01 -7.378610391195233875e-01 -7.378594877933275509e-01 -7.378567426540239005e-01 -7.378611872537493843e-01 -7.378625629116203344e-01 -7.378607780326531529e-01 -7.378610913080022593e-01 -7.378512885204921989e-01 -7.378517532731353468e-01 -7.378604774684678347e-01 -7.378616015190839761e-01 -7.378601489073047803e-01 -7.378625762363325569e-01 -7.378608432427631314e-01 -7.378629351685804805e-01 -7.378629084724875886e-01 -7.378616251046162811e-01 -7.378603288839201690e-01 -7.378627571853968448e-01 -7.378566210456523056e-01 -7.378626768742883035e-01
1.035173022413477147e-02 -8.227214130639265433e-01 -8.227149240317118695e-01 -8.227237896314928411e-01 -7.699565988870700206e-01 -8.227182952222024115e-01 -8.227130539452977009e-01 -8.227067737157757188e-01 -8.227227677552187979e-01 -8.227169559010492073e-01 -8.227237418893312837e-01 -8.227192793154629591e-01 -8.227221990040779476e-01 -8.227089159026164111e-01 -8.227268374688586627e-01 -8.227218063545028715e-01 -8.227109496187782200e-01 -8.227094985492440227e-01 -8.227111151436481418e-01 -8.227064596496868054e-01 -8.227079486519119911e-01 -8.227055315093740884e-01 -8.227251023512391903e-01 -8.227256802523266188e-01 -8.227259097572071633e-01 -8.227257738338625837e-01 -8.227368084219659483e-01 -8.227198725051880768e-01 -8.227735108355673788e-01 -8.228719676960667417e-01 -8.227273847383886896e-01 -8.227239099463383720e-01 -8.227216927467768670e-01 -8.227177643444377741e-01 -8.227238738099414972e-01 -8.227222604180600696e-01 -8.227236591253950238e-01 -8.227240747653270514e-01 -8.227102628285813957e-01 -8.227109106220322765e-01 -8.227231907088436991e-01 -8.227247705193205807e-01 -8.227227227161173495e-01 -8.227261389568191197e-01 -8.227236969492394136e-01 -8.227266415685349221e-01 -8.227266029996870289e-01 -8.227247948587955717e-01 -8.227229686098261885e-01 -8.227263874499409768e-01 -8.227177452802708624e-01 -8.227262730202676844e-01
1.213328677915513111e-02 -9.086466850156255104e-01 -9.086369319012740364e-01 -9.086483653953159045e-01 -8.559945345195144606e-01 -9.086397381647326466e-01 -9.086320865284707171e-01 -9.086229414924936743e-01 -9.086439029506744314e-01 -9.086400333775571658e-01 -9.086479380559815411e-01 -9.086413862977249511e-01 -9.086452398638418249e-01 -9.086265889811629970e-01 -9.086509195242403747e-01 -9.086439257869269870e-01 -9.086289932638851319e-01 -9.086269553575931912e-01 -9.086291301375202245e-01 -9.086227271551403639e-01 -9.086247418435622336e-01 -9.086214126034837246e-01 -9.086481909771781940e-01 -9.086489674576522235e-01 -9.086492682992273195e-01 -9.086490698522511344e-01 -9.086641677247294657e-01 -9.086409658811183121e-01 -9.087144056685902971e-01 -9.088492268211262326e-01 -9.086512171154692563e-01 -9.086464229140620574e-01 -9.086433545982314230e-01 -9.086379130389744541e-01 -9.086461258589862977e-01 -9.086403357943104719e-01 -9.086461987249747629e-01 -9.086467419018601221e-01 -9.086278251344795942e-01 -9.086287052688326593e-01 -9.086455118093947902e-01 -9.086476715137377091e-01 -9.086448657035770538e-01 -9.086495406864034674e-01 -9.086461958125983118e-01 -9.086502258009515609e-01 -9.086501719198828431e-01 -9.086476954830665642e-01 -9.086451942471404086e-01 -9.086498739682293824e-01 -9.086380411078078811e-01 -9.086497157003263769e-01
1.422145331048033437e-02 -9.938592368163050583e-01 -9.938453485835196943e-01 -9.938598700898787497e-01 -9.425810118872844923e-01 -9.938472414694029533e-01 -9.938365557522970128e-01 -9.938238068987084173e-01 -9.938507933197907596e-01 -9.938498192372063889e-01 -9.938589334525903540e-01 -9.938497470517430044e-01 -9.938547366339003375e-01 -9.938293991148008377e-01 -9.938616211589966776e-01 -9.938521904373974758e-01 -9.938322152387752961e-01 -9.938294462784715844e-01 -9.938323058675073707e-01 -9.938237408595859135e-01 -9.938264019586203757e-01 -9.938219436644687432e-01 -9.938576227740348878e-01 -9.938586427295915682e-01 -9.938590300458132187e-01 -9.938587528379532188e-01 -9.938788685062812656e-01 -9.938479251948595383e-01 -9.939458241392366000e-01 -9.941255656796125217e-01 -9.938615555705350157e-01 -9.938551272376838774e-01 -9.938510037752696924e-01 -9.938436856283516807e-01 -9.938544785092371381e-01 -9.938431314162542440e-01 -9.938549506521069388e-01 -9.938556483750988768e-01 -9.938304254570528018e-01 -9.938315919120023212e-01 -9.938539889352434598e-01 -9.938568647065878503e-01 -9.938531225245146317e-01 -9.938593522484854281e-01 -9.938548921904297728e-01 -9.938602628586223897e-01 -9.938601901261882032e-01 -9.938568882910487901e-01 -9.938535534100108038e-01 -9.938597906743912302e-01 -9.938440168006899000e-01 -9.938595784815934531e-01
1.666899809947911329e-02 -1.076837032816391426e+00 -1.076818033761558491e+00 -1.076836169808345733e+00 -1.028021014236470521e+00 -1.076818555726120730e+00 -1.076804143876519015e+00 -1.076786972174471169e+00 -1.076821077979587482e+00 -1.076824219693290674e+00 -1.076834571286760189e+00 -1.076822142732497767e+00 -1.076828478649186405e+00 -1.076795015545102929e+00 -1.076836712542680541e+00 -1.076824330354026804e+00 -1.076798270452410833e+00 -1.076794613135921397e+00 -1.076798291818357622e+00 -1.076787118001013788e+00 -1.076790554080330198e+00 -1.076784732631400621e+00 -1.076831130992110586e+00 -1.076832441880064994e+00 -1.076832931211143762e+00 -1.076832557097228804e+00 -1.076858715626349161e+00 -1.076818444610473158e+00 -1.076945807335800920e+00 -1.077179663048891456e+00 -1.076836140163532018e+00 -1.076827737707571009e+00 -1.076822338322600325e+00 -1.076812750066233670e+00 -1.076826628209866854e+00 -1.076808102645010479e+00 -1.076827636482637907e+00 -1.076828516464528374e+00 -1.076795696154464466e+00 -1.076797206485471614e+00 -1.076826336854893817e+00 -1.076830074699777207e+00 -1.076825204216695919e+00 -1.076833306440286853e+00 -1.076827502820960847e+00 -1.076834488238528342e+00 -1.076834392595366063e+00 -1.076830096306438334e+00 -1.076825757071622203e+00 -1.076833870427106987e+00 -1.076813349120915975e+00 -1.076833593051920168e+00
1.953777096998069243e-02 -1.156483099034931294e+00 -1.156457873410393189e+00 -1.156480132273603800e+00 -1.110941613888681623e+00 -1.156456388754379949e+00 -1.156437470481230800e+00 -1.156414953909982168e+00 -1.156457279103674463e+00 -1.156466185195774266e+00 -1.156477683387415523e+00 -1.156461323891542436e+00 -1.156469219683521787e+00 -1.156426049372058396e+00 -1.156478902577092516e+00 -1.156463008536548598e+00 -1.156429740822991326e+00 -1.156425022257729029e+00 -1.156429660904263024e+00 -1.156415396763507131e+00 -1.156419743788434484e+00 -1.156412306596242168e+00 -1.156471373282124793e+00 -1.156473025031730106e+00 -1.156473632208875113e+00 -1.156473140955504020e+00 -1.156506441099627747e+00 -1.156455140280289173e+00 -1.156617334092946203e+00 -1.156915164188692779e+00 -1.156477634423516587e+00 -1.156466890351895760e+00 -1.156459975708443721e+00 -1.156447690198032063e+00 -1.156465183276758513e+00 -1.156437493560239282e+00 -1.156466904017921182e+00 -1.156467993848517173e+00 -1.156426190797344100e+00 -1.156428106131173861e+00 -1.156465194928957274e+00 -1.156469951097810922e+00 -1.156463746227168965e+00 -1.156474061475083248e+00 -1.156466669189009755e+00 -1.156475563065953338e+00 -1.156475439946212047e+00 -1.156469967709623070e+00 -1.156464440879960920e+00 -1.156474771796673018e+00 -1.156448638106544191e+00 -1.156474416891090762e+00
2.290026624259729540e-02 -1.232205636267647009e+00 -1.232172853417330183e+00 -1.232199692793405355e+00 -1.190436186573755606e+00 -1.232168426287407970e+00 -1.232144088516089031e+00 -1.232115150359835321e+00 -1.232166766634543276e+00 -1.232183801080252161e+00 -1.232196145912699548e+00 -1.232175043895405109e+00 -1.232184711676853173e+00 -1.232130049423872498e+00 -1.232195859091921974e+00 -1.232175829234746889e+00 -1.232134122772390317e+00 -1.232128147865475309e+00 -1.232133894418721010e+00 -1.232116012320382259e+00 -1.232121415022646049e+00 -1.232112084719442446e+00 -1.232185937441920620e+00 -1.232187982298796669e+00 -1.232188722638102085e+00 -1.232188090421555637e+00 -1.232229725784600660e+00 -1.232165541802283437e+00 -1.232368404322970568e+00 -1.232740933653461379e+00 -1.232193627306898742e+00 -1.232180136723456831e+00 -1.232171442042831355e+00 -1.232155985996386427e+00 -1.232177649582729462e+00 -1.232138209781337146e+00 -1.232180324454091869e+00 -1.232181650584000643e+00 -1.232129357108135537e+00 -1.232131743020171255e+00 -1.232178121859356601e+00 -1.232184065906955173e+00 -1.232176302286554836e+00 -1.232189200757031644e+00 -1.232179953202633182e+00 -1.232191074983765677e+00 -1.232190919491112258e+00 -1.232184073989279760e+00 -1.232177160383299386e+00 -1.232190080391193598e+00 -1.232157393721562411e+00 -1.232189634782724141e+00
2.684145467707668015e-02 -1.303908515684321312e+00 -1.303866503571770696e+00 -1.303898278292466184e+00 -1.266112274953242745e+00 -1.303857694393116162e+00 -1.303826815766178981e+00 -1.303790137128240323e+00 -1.303852034331892895e+00 -1.303880752128727227e+00 -1.303893286404956386e+00 -1.303866437575503578e+00 -1.303878080953032370e+00 -1.303809835424690311e+00 -1.303890559974666630e+00 -1.303865676266392715e+00 -1.303814145497238286e+00 -1.303806685745925620e+00 -1.303813696513860698e+00 -1.303791602594732257e+00 -1.303798216744135985e+00 -1.303786680041619350e+00 -1.303877672878156480e+00 -1.303880165715927575e+00 -1.303881053277241131e+00 -1.303880250767719184e+00 -1.303931548011205921e+00 -1.303852414208900745e+00 -1.304102444672849748e+00 -1.304561614637018030e+00 -1.303886966039676354e+00 -1.303870269880558874e+00 -1.303859493158060490e+00 -1.303840325596831606e+00 -1.303866744895856966e+00 -1.303811967297677565e+00 -1.303870723990888214e+00 -1.303872310159506664e+00 -1.303807846317151409e+00 -1.303810774420180563e+00 -1.303867924647844623e+00 -1.303875244756952378e+00 -1.303865672210839488e+00 -1.303881565642063478e+00 -1.303870165740964149e+00 -1.303883870737506889e+00 -1.303883677091377979e+00 -1.303875238358644051e+00 -1.303866715955838140e+00 -1.303882638421357321e+00 -1.303842351373303066e+00 -1.303882086961743125e+00
3.146093069614236404e-02 -1.371922073395416497e+00 -1.371868621268959698e+00 -1.371905490624293344e+00 -1.338058039883381012e+00 -1.371853156386202643e+00 -1.371814291172913869e+00 -1.371768176261214167e+00 -1.371841160524754688e+00 -1.371887074003860896e+00 -1.371898541750246059e+00 -1.371864641520768036e+00 -1.371878441547790706e+00 -1.371794061378922791e+00 -1.371891863182062243e+00 -1.371861269214149415e+00 -1.371798308990483495e+00 -1.371789085710414247e+00 -1.371797525446420307e+00 -1.371770531643540236e+00 -1.371778526524108477e+00 -1.371764418828417931e+00 -1.371875232507493436e+00 -1.371878230752106465e+00 -1.371879276864562236e+00 -1.371878266200826424e+00 -1.371940735835695646e+00 -1.371844288671000944e+00 -1.372148904150302107e+00 -1.372708344335374253e+00 -1.371886293483528974e+00 -1.371865855004301249e+00 -1.371852640248615973e+00 -1.371829121705435917e+00 -1.371860911788936210e+00 -1.371785550437625067e+00 -1.371866723345373185e+00 -1.371868587655242999e+00 -1.371790033996215463e+00 -1.371793583658756699e+00 -1.371863193491849708e+00 -1.371872103218672256e+00 -1.371860435428140956e+00 -1.371879792873738291e+00 -1.371865901078262118e+00 -1.371882594211372153e+00 -1.371882355394443698e+00 -1.371872072052352509e+00 -1.371861687168613786e+00 -1.371881083494267850e+00 -1.371832000558571796e+00 -1.371880408360213188e+00
3.687542915149005091e-02 -1.436909886138334480e+00 -1.436841941380449406e+00 -1.436883703948044655e+00 -1.406761261510385053e+00 -1.436816177819468354e+00 -1.436767380870843214e+00 -1.436709554136982758e+00 -1.436794053875709798e+00 -1.436865858939168961e+00 -1.436874013366440606e+00 -1.436831294702282769e+00 -1.436847382227166570e+00 -1.436743636740181795e+00 -1.436860921426639015e+00 -1.436823561182339670e+00 -1.436747263563382226e+00 -1.436735923886433008e+00 -1.436745963661386405e+00 -1.436713252221518466e+00 -1.436722811767831454e+00 -1.436705697130017167e+00 -1.436839446121352282e+00 -1.436843008475837014e+00 -1.436844218875412915e+00 -1.436842949022469895e+00 -1.436918345555069587e+00 -1.436801823069156603e+00 -1.437169666076192343e+00 -1.437845261026818644e+00 -1.436852411812625574e+00 -1.436827585424809595e+00 -1.436811499970812367e+00 -1.436782850669614975e+00 -1.436820645142481867e+00 -1.436716721504200711e+00 -1.436829106442341075e+00 -1.436831255591000556e+00 -1.436736371842263438e+00 -1.436740631753466335e+00 -1.436824664805219642e+00 -1.436835411174334887e+00 -1.436821313314657234e+00 -1.436844680067415725e+00 -1.436827899950543941e+00 -1.436848052180625723e+00 -1.436847759403592439e+00 -1.436835338061772216e+00 -1.436822794651074986e+00 -1.436846213591432386e+00 -1.436786941457246281e+00 -1.436845393246827696e+00
4.322177523099457463e-02 -1.499778867237707480e+00 -1.499692066822129854e+00 -1.499737873372294139e+00 -1.473014752033945163e+00 -1.499650123547523473e+00 -1.499588679982657879e+00 -1.499515975519705613e+00 -1.499611688584001623e+00 -1.499723232155054653e+00 -1.499724203250098142e+00 -1.499670190247624380e+00 -1.499688594777636608e+00 -1.499561256779121443e+00 -1.499700691075854797e+00 -1.499655223084122468e+00 -1.499563270886561384e+00 -1.499549352615261455e+00 -1.499561161473992543e+00 -1.499521740273203063e+00 -1.499533062091566560e+00 -1.499512407623529109e+00 -1.499672762646225843e+00 -1.499676945539552220e+00 -1.499678315101470094e+00 -1.499676714631420937e+00 -1.499767105088560148e+00 -1.499627226585639184e+00 -1.500068523166284029e+00 -1.500879073137469488e+00 -1.499687707493386535e+00 -1.499657697377405619e+00 -1.499638201016101346e+00 -1.499603443660001867e+00 -1.499647860829670165e+00 -1.499502872807868092e+00 -1.499660257862398316e+00 -1.499662677554191248e+00 -1.499548807442666165e+00 -1.499553876500139715e+00 -1.499654650609868467e+00 -1.499667523047847340e+00 -1.499650597042642142e+00 -1.499678616295880618e+00 -1.499658477499163478e+00 -1.499682644678707710e+00 -1.499682286564205880e+00 -1.499667379311517612e+00 -1.499652326337794106e+00 -1.499680416287388018e+00 -1.499609305825860162e+00 -1.499679423944795920e+00
5.066034205172439964e-02 -1.561607560340426915e+00 -1.561495479745808268e+00 -1.561543341778020899e+00 -1.537831304068939975e+00 -1.561427826154495158e+00 -1.561349828963462638e+00 -1.561257700547175498e+00 -1.561362963140838778e+00 -1.561536412738045998e+00 -1.561523694737872781e+00 -1.561454823230767230e+00 -1.561475383360802605e+00 -1.561318760253191273e+00 -1.561483249997568601e+00 -1.561427923266937245e+00 -1.561317449244103539e+00 -1.561300327573330371e+00 -1.561314053555757031e+00 -1.561266694680130573e+00 -1.561279981888163970e+00 -1.561255123679009316e+00 -1.561446454709190190e+00 -1.561451306707027253e+00 -1.561452811442183286e+00 -1.561450777641368415e+00 -1.561558620173992384e+00 -1.561391441033186833e+00 -1.561918422795858463e+00 -1.562886424045915712e+00 -1.561463330201708910e+00 -1.561427132848069776e+00 -1.561403534047618891e+00 -1.561361412341268684e+00 -1.561412981678871104e+00 -1.561206836477929016e+00 -1.561431359377106087e+00 -1.561433997511252780e+00 -1.561297955202264331e+00 -1.561303943877152323e+00 -1.561424223569442438e+00 -1.561439564311721151e+00 -1.561419331265732069e+00 -1.561452769203235835e+00 -1.561428706991376592e+00 -1.561457551699209079e+00 -1.561457112990654039e+00 -1.561439302351158576e+00 -1.561421318600452635e+00 -1.561454853537423526e+00 -1.561369931129606758e+00 -1.561453654757970710e+00
5.937910331265813801e-02 1.517995252059104683e+00 1.518142297566741350e+00 1.518096355356996829e+00 1.539213562705666671e+00 1.518251193462160309e+00 1.518351508454918397e+00 1.518469760826477222e+00 1.518359070165524738e+00 1.518088115473520627e+00 1.518125277838175746e+00 1.518214256156130482e+00 1.518192046910131099e+00 1.518385834656751143e+00 1.518193234918742363e+00 1.518260760160714984e+00 1.518393362265463287e+00 1.518414553688421265e+00 1.518398818773300629e+00 1.518455663093341679e+00 1.518440221236326826e+00 1.518470130907539239e+00 1.518242592266521251e+00 1.518237045860857171e+00 1.518235463394816964e+00 1.518238078950567616e+00 1.518109838887633511e+00 1.518309105433750972e+00 1.517681684930869412e+00 1.516529086174532415e+00 1.518224053810707685e+00 1.518267732366338940e+00 1.518296341011191597e+00 1.518347483393657660e+00 1.518288463388580256e+00 1.518588871767472703e+00 1.518260826746397507e+00 1.518258090381826353e+00 1.518420161752571884e+00 1.518413135804488334e+00 1.518270029953749711e+00 1.518251814221386775e+00 1.518275934925473081e+00 1.518236157132198283e+00 1.518264825149495012e+00 1.518230505774444961e+00 1.518231044812849317e+00 1.518252263555302184e+00 1.518273687658377336e+00 1.518233776706572780e+00 1.518334892957951210e+00 1.518235227540507548e+00
6.959838341824450825e-02 1.454547109335290411e+00 1.454744047567838150e+00 1.454707401750066964e+00 1.473653373236972541e+00 1.454919589566730398e+00 1.455050953807094150e+00 1.455205459220385578e+00 1.455097815302462294e+00 1.454671999510023017e+00 1.454751149755510564e+00 1.454868102653215312e+00 1.454845352757784926e+00 1.455087496467358799e+00 1.454863812750911256e+00 1.454946762641547986e+00 1.455106121592351309e+00 1.455132616642624166e+00 1.455114892264762538e+00 1.455183199458313759e+00 1.455165453957089072e+00 1.455201514367134186e+00 1.454931472261438374e+00 1.454925257591701548e+00 1.454923720828365186e+00 1.454927149206288295e+00 1.454774973652243952e+00 1.455012196350363940e+00 1.454266412753627558e+00 1.452896210659148091e+00 1.454911964728197615e+00 1.454964818278552618e+00 1.454999652347938932e+00 1.455062052967847297e+00 1.454995771877747091e+00 1.455446529675161083e+00 1.454953578556617000e+00 1.454950982849756658e+00 1.455143794289816439e+00 1.455135614028383539e+00 1.454965672704292778e+00 1.454944101783455679e+00 1.454972825490403743e+00 1.454925598803123998e+00 1.454959707793247681e+00 1.454918951071554778e+00 1.454919617756727845e+00 1.454944859387700351e+00 1.454970343397914645e+00 1.454922925332695405e+00 1.455043127728351982e+00 1.454924682443128336e+00
8.157642510914044076e-02 1.388257294242590589e+00 1.388527569612945545e+00 1.388513438667113853e+00 1.405710109453732981e+00 1.388811583837043395e+00 1.388987486530584237e+00 1.389193895272225365e+00 1.389105461934253549e+00 1.388432170617816652e+00 1.388581601235264751e+00 1.388738500651985674e+00 1.388717348537437557e+00 1.389024128861150231e+00 1.388766884182838002e+00 1.388869803317345664e+00 1.389061976944633958e+00 1.389095587974920276e+00 1.389076133166462945e+00 1.389158504776823788e+00 1.389138422236974035e+00 1.389182096396429200e+00 1.388861934609800119e+00 1.388855158513427890e+00 1.388853885198205074e+00 1.388858473564552165e+00 1.388678085646569915e+00 1.388960531565085921e+00 1.388074448667428129e+00 1.386446210634557863e+00 1.388842870841062060e+00 1.388907202224487047e+00 1.388949941444007186e+00 1.389026709946875604e+00 1.388954306198933342e+00 1.389653742842159811e+00 1.388888907328646116e+00 1.388886882126820765e+00 1.389116230220154957e+00 1.389106785175259651e+00 1.388905132853972102e+00 1.388879635257307843e+00 1.388913849386503641e+00 1.388857830017521833e+00 1.388898412740465105e+00 1.388850053353358982e+00 1.388850892944138549e+00 1.388880920909562722e+00 1.388911233533015821e+00 1.388854934714903289e+00 1.388997771184885988e+00 1.388857081020035134e+00
9.561591529499137432e-02 1.317650002735917258e+00 1.318031134233262458e+00 1.318062757976405042e+00 1.333931181009023526e+00 1.318492938076885501e+00 1.318734675073400364e+00 1.319017722263151615e+00 1.318978240316284856e+00 1.317907462150617048e+00 1.318172272691935598e+00 1.318387534117222426e+00 1.318371849564306197e+00 1.318767485046159482e+00 1.318475531786816646e+00 1.318605032116346942e+00 1.318838155074637530e+00 1.318881610916383229e+00 1.318861107336824379e+00 1.318961021852693039e+00 1.318938772416878624e+00 1.318992051049542535e+00 1.318612528254903715e+00 1.318605473998063937e+00 1.318604873553222534e+00 1.318611180719754250e+00 1.318397404261429484e+00 1.318734181213903289e+00 1.317680715087071075e+00 1.315744453506451528e+00 1.318596603766465813e+00 1.318675581579535017e+00 1.318728604187983766e+00 1.318824189689017823e+00 1.318748588096313679e+00 1.319877140831597462e+00 1.318645795268962306e+00 1.318645119103217578e+00 1.318918230484128262e+00 1.318907454237395971e+00 1.318668134865401242e+00 1.318638035230650596e+00 1.318678851594270451e+00 1.318612394318760872e+00 1.318660728224297252e+00 1.318603329645183342e+00 1.318604396708439541e+00 1.318640151616231160e+00 1.318676240625848983e+00 1.318609366822837803e+00 1.318779216854393255e+00 1.318612010698855475e+00
1.120716339980260545e-01 1.241135549646439129e+00 1.241688636818965907e+00 1.241806529440734330e+00 1.256776927967698576e+00 1.242444119889829501e+00 1.242785977590616930e+00 1.243185571550210256e+00 1.243248988146665512e+00 1.241536917170363852e+00 1.241988093688579431e+00 1.242290276409834471e+00 1.242286816134795968e+00 1.242808094145934295e+00 1.242483097479935239e+00 1.242649040285455531e+00 1.242934312403349173e+00 1.242991809262122604e+00 1.242971706051435810e+00 1.243093961679624160e+00 1.243070151182465333e+00 1.243135838557611228e+00 1.242685699483579320e+00 1.242678950559260143e+00 1.242679738481673013e+00 1.242688644868513048e+00 1.242435168437696413e+00 1.242837839358462038e+00 1.241583229788199905e+00 1.239276538470016176e+00 1.242677790373040381e+00 1.242775961110745175e+00 1.242842750942132479e+00 1.242963714637592476e+00 1.242891116906312154e+00 1.244801799627794026e+00 1.242727359388169805e+00 1.242729367035080967e+00 1.243055327915963515e+00 1.243043223223026406e+00 1.242758897723668321e+00 1.242723397765686189e+00 1.242772234421126276e+00 1.242693327124856140e+00 1.242751034587176395e+00 1.242682842358796336e+00 1.242684235675876492e+00 1.242726916678106086e+00 1.242769988029139627e+00 1.242690452526530986e+00 1.242892791368542360e+00 1.242693764264279022e+00
1.313594196974176009e-01 1.156971756060949819e+00 1.157798008012233204e+00 1.158072723673096549e+00 1.172605186949254197e+00 1.159042938125249389e+00 1.159541195894969956e+00 1.160123123737419437e+00 1.160387331615386097e+00 1.157635881609315076e+00 1.158383439979121077e+00 1.158817021952970983e+00 1.158837305830916264e+00 1.159541099313373236e+00 1.159190208949377965e+00 1.159407695177748998e+00 1.159760993833411025e+00 1.159839161119267548e+00 1.159822304939184701e+00 1.159973718713998903e+00 1.159949736937678555e+00 1.160031885526649820e+00 1.159497372374902913e+00 1.159492041882409286e+00 1.159495461819877837e+00 1.159508398719777844e+00 1.159207539880485527e+00 1.159691054241187125e+00 1.158192766880872693e+00 1.155436828974686581e+00 1.159506197860405763e+00 1.159630229880932228e+00 1.159716021895037308e+00 1.159872320527643108e+00 1.159814922450554509e+00 1.163268691992072501e+00 1.159550602225978500e+00 1.159557600221609697e+00 1.159948031851034678e+00 1.159934779094369484e+00 1.159596364989349260e+00 1.159554546359638172e+00 1.159613248385650497e+00 1.159519413286568934e+00 1.159588572970564835e+00 1.159507411186559755e+00 1.159509277366395974e+00 1.159560409271147563e+00 1.159611990732866360e+00 1.159517172266695706e+00 1.159758895410423651e+00 1.159521369531441470e+00
1.539666776300078199e-01 1.063197227609989026e+00 1.064467207324418796e+00 1.065022044245501398e+00 1.079642279525568682e+00 1.066536278571891261e+00 1.067285123713176409e+00 1.068160325521650966e+00 1.068805136610283313e+00 1.064359675390238680e+00 1.065570799319134565e+00 1.066205081078219763e+00 1.066268422713537278e+00 1.067244023672118125e+00 1.066884677281588090e+00 1.067177436313101913e+00 1.067621975974413884e+00 1.067731511191907012e+00 1.067723239618304065e+00 1.067913804192518024e+00 1.067892487337632312e+00 1.067997144984793811e+00 1.067361432331853210e+00 1.067359581697567839e+00 1.067367805646002754e+00 1.067387152260355299e+00 1.067029552479692223e+00 1.067613592751778473e+00 1.065817378350332190e+00 1.062511352974380152e+00 1.067402402035955156e+00 1.067562381720917664e+00 1.067675286246189570e+00 1.067882529722899987e+00 1.067863657735824257e+00 1.074788303843656978e+00 1.067431321510548869e+00 1.067447260887147253e+00 1.067917244609081440e+00 1.067903340750963270e+00 1.067499503717783682e+00 1.067450320285667553e+00 1.067521321603483342e+00 1.067409481261377024e+00 1.067492792550176262e+00 1.067395940688574907e+00 1.067398505176352597e+00 1.067460062786604214e+00 1.067522136352832662e+00 1.067408735839480149e+00 1.067698671869995009e+00 1.067414179777653516e+00
1.804646965937288794e-01 9.575178784826218203e-01 9.595238528850457138e-01 9.605759672903196877e-01 9.759353432135040585e-01 9.629970577007178623e-01 9.641574877336661631e-01 9.655176442524272540e-01 9.668812640234035749e-01 9.596526833663555633e-01 9.615750766760876589e-01 9.625176285071883608e-01 9.626559683264761524e-01 9.640452895348650131e-01 9.637137999635058128e-01 9.641200679805661533e-01 9.646909105935032036e-01 9.648494653343794303e-01 9.648595455766041384e-01 9.651043835258222847e-01 9.650912383448447818e-01 9.652277455279781870e-01 9.644703415953123082e-01 9.644757359265715424e-01 9.644925556845642678e-01 9.645222866971100428e-01 9.640965962274019585e-01 9.648076508434414444e-01 9.626434250532198700e-01 9.586564752137488599e-01 9.645706517484894382e-01 9.647823220907666419e-01 9.649352931665845512e-01 9.652187430274220548e-01 9.652827164299645490e-01 9.824053839798275733e-01 9.645653389580333137e-01 9.645969789905564085e-01 9.651664341619596854e-01 9.651529671969139024e-01 9.646694794458292588e-01 9.646117918298494631e-01 9.646983769875941972e-01 9.645646991472677234e-01 9.646657390109431018e-01 9.645497823574316065e-01 9.645534174194547727e-01 9.646280290199717999e-01 9.647032233074532837e-01 9.645670475459776627e-01 9.649166439584149213e-01 9.645743041988560362e-01
1.985111662531017507e-01 8.872277566187192210e-01 8.898999753378407096e-01 8.914203588522333632e-01 9.076250993385533983e-01 8.946651655894561905e-01 8.961965865662686603e-01 8.979975271218271216e-01 9.000773166684064019e-01 8.903598738627299669e-01 8.928717322495497433e-01 8.940740649252092442e-01 8.942807580887645047e-01 8.960204330843960507e-01 8.957363641213041960e-01 8.962387413157950622e-01 8.969099327605016825e-01 8.971111657829043962e-01 8.971401084797325787e-01 8.974280906256293378e-01 8.974243307667608693e-01 8.975865986682901587e-01 8.967446217837659050e-01 8.967574069065220588e-01 8.967823488953973188e-01 8.968213099233469654e-01 8.963483332691302152e-01 8.971522891965454383e-01 8.947248044291040703e-01 8.902497080567066678e-01 8.969018100600338883e-01 8.971558468318261426e-01 8.973423514389164968e-01 8.976902690630129689e-01 8.978408601832315039e-01 9.360526719966020259e-01 8.968610960955150091e-01 8.969073057537029214e-01 8.975488119968217937e-01 8.975365757946092149e-01 8.969969630885880063e-01 8.969336289041749399e-01 8.970316464659969791e-01 8.968826332793005118e-01 8.969965254786874675e-01 8.968670882004154965e-01 8.968716216749289538e-01 8.969556779126081070e-01 8.970403662672737921e-01 8.968880306868443064e-01 8.972803969426758064e-01 8.968968142666710053e-01
2.217884966833073568e-01 7.977996790133773386e-01 8.015713839022076126e-01 8.038853839605727414e-01 8.215715764329615256e-01 8.084940610924803428e-01 8.106376116053320979e-01 8.131731263902995943e-01 8.165426332334735360e-01 8.027579158889458499e-01 8.061531409358840827e-01 8.077548520414291611e-01 8.080727665406222116e-01 8.103584192386408258e-01 8.101765316844197207e-01 8.108298022395568072e-01 8.116506600952515527e-01 8.119201988114460589e-01 8.119827436692940159e-01 8.123352682372683153e-01 8.123493361444076299e-01 8.125506396544811549e-01 8.115977683902503292e-01 8.116235608712467631e-01 8.116622584027394227e-01 8.117163085056784411e-01 8.111815593859811324e-01 8.121140248653385685e-01 8.093307632822849262e-01 8.041943953908484710e-01 8.118521298040664025e-01 8.121710203582648280e-01 8.124098735869789145e-01 8.128594695998322406e-01 8.131685665412207165e-01 1.412515048561490794e+00 8.117487230516005070e-01 8.118191310007555339e-01 8.125591419787521197e-01 8.125497598660549325e-01 8.119354427365113036e-01 8.118650825841720042e-01 8.119789762539680877e-01 8.118096918852156785e-01 8.119412601517335126e-01 8.117939390636577102e-01 8.117999365099358711e-01 8.118969439765438834e-01 8.119946086873546243e-01 8.118205761147407884e-01 8.122707999684655178e-01 8.118315909936516528e-01
2.450658271135129629e-01 7.091236125421218617e-01 7.143157272870302998e-01 7.176781679398978042e-01 7.372951721123505164e-01 7.240566729028401483e-01 7.269940948801943970e-01 7.304954936034104840e-01 7.357063935042739145e-01 7.166897149655901966e-01 7.211003467629706343e-01 7.231778145981189176e-01 7.236353079005617417e-01 7.265861510357815023e-01 7.265607186632989656e-01 7.274002756423381122e-01 7.283972595412271378e-01 7.287528672956422593e-01 7.288615531812138171e-01 7.292902822746886171e-01 7.293297690450897264e-01 7.295776981764351410e-01 7.285124711832831057e-01 7.285560809244224778e-01 7.286129834852680398e-01 7.286863172629803875e-01 7.280890835311867315e-01 7.291607715876998741e-01 7.260023748570589852e-01 7.201668062221149302e-01 7.288960064300132879e-01 7.292934001500057661e-01 7.295967264023747179e-01 7.301730710664074975e-01 7.307076093361631886e-01 6.484188005803777077e-01 7.287071460277801949e-01 7.288089022915790194e-01 7.296543811991658135e-01 7.296496723190589728e-01 7.289581359149364115e-01 7.288811537618017367e-01 7.290122824326044082e-01 7.288221092590645434e-01 7.289725875358453733e-01 7.288067141519621872e-01 7.288144867633408186e-01 7.289253644015524225e-01 7.290369366042025456e-01 7.288402981099074696e-01 7.293517242164846426e-01 7.288541402993705676e-01
2.683431575437185690e-01 6.206156786930151492e-01 6.276076046298533218e-01 6.323220055512517312e-01 6.543480907418760539e-01 6.409562925099324682e-01 6.449080631598403945e-01 6.496648076534786709e-01 6.574772975708127465e-01 6.317833124285789914e-01 6.373314301163980344e-01 6.399641610654966950e-01 6.405919271129659753e-01 6.443415547193821480e-01 6.445361521552233075e-01 6.456034334669212837e-01 6.468075628777852915e-01 6.472703056505990649e-01 6.474399972054567520e-01 6.479584627352013015e-01 6.480325699795967953e-01 6.483362333091652330e-01 6.471578921897496173e-01 6.472249435438954812e-01 6.473051772725891828e-01 6.474027020309579550e-01 6.467427709147516302e-01 6.479657976888919535e-01 6.444119065808556757e-01 6.378366248092567359e-01 6.477085739240608930e-01 6.482003618676529522e-01 6.485827500417352676e-01 6.493165755813574691e-01 6.501633455743650591e-01 5.984925297709545733e-01 6.474078182470652809e-01 6.475491000947448672e-01 6.485074724261946644e-01 6.485094265686909276e-01 6.477381110364353045e-01 6.476550324610570453e-01 6.478049777313562574e-01 6.475934627846572367e-01 6.477643448217672573e-01 6.475794068376181656e-01 6.475893993784946900e-01 6.477151544908654746e-01 6.478415905805141595e-01 6.476213134230752733e-01 6.481973726067465913e-01 6.476384022836685350e-01
2.916204879739241473e-01 5.317570930287762732e-01 5.409898939897183068e-01 5.474121696630225298e-01 5.723698373361967295e-01 5.588768950165126093e-01 5.641085039822210101e-01 5.704817205209885556e-01 5.819559532695328663e-01 5.477547336356081153e-01 5.545503667448036245e-01 5.578197483195350692e-01 5.586504968687079353e-01 5.633466625350741497e-01 5.638351634459405348e-01 5.651784408417299677e-01 5.666254114761247740e-01 5.672197804572877144e-01 5.674681984892409048e-01 5.680923949344591772e-01 5.682120131349699399e-01 5.685817780378353836e-01 5.672902026604749182e-01 5.673874651619280618e-01 5.674973332587220920e-01 5.676249449497416943e-01 5.669024688085745334e-01 5.682900355849522800e-01 5.643190656993368748e-01 5.569610777986818695e-01 5.680530370353825687e-01 5.686582361170449129e-01 5.691370230650261153e-01 5.700655137329505573e-01 5.713365893326982636e-01 5.274776024897488425e-01 5.676094436312358882e-01 5.677997534333359964e-01 5.688792349393547720e-01 5.688903361459860530e-01 5.680368573633421958e-01 5.679483312382126448e-01 5.681187314627320628e-01 5.678853261836082078e-01 5.680781084037649364e-01 5.678734984030873179e-01 5.678862149828787231e-01 5.680280116024882808e-01 5.681704663718847303e-01 5.679256253547354527e-01 5.685700703050385885e-01 5.679466715000807131e-01
3.148978184041297812e-01 4.420665988370274802e-01 4.540441112359739351e-01 4.625857923682624162e-01 4.910533270704393605e-01 4.775528467628277762e-01 4.843815554423168690e-01 4.928213396886785280e-01 5.094613494399877762e-01 4.643753758588504144e-01 4.725154433793566366e-01 4.765037237890211719e-01 4.775719374130633632e-01 4.833770120316555063e-01 4.842440288437453444e-01 4.859185295851046749e-01 4.876495094652840145e-01 4.884042642404929357e-01 4.887520114497370116e-01 4.895000713293366501e-01 4.896780235592259611e-01 4.901261830252859886e-01 4.887223389658241768e-01 4.888575672335797595e-01 4.890041358173257691e-01 4.891686204646266134e-01 4.883844906582781586e-01 4.899514360310470718e-01 4.855408672986605834e-01 4.773545171864750358e-01 4.897496087381340013e-01 4.904903054740953894e-01 4.910862641040637522e-01 4.922547434526644561e-01 4.940956026960849901e-01 4.524176097828993548e-01 4.891277306237569733e-01 4.893776585447450755e-01 4.905869564596493371e-01 4.906100359335365257e-01 4.896722069119515131e-01 4.895791673547945644e-01 4.897719631697623477e-01 4.895163028151381934e-01 4.897326643823097236e-01 4.895078343219212980e-01 4.895237636504617407e-01 4.896827281089404793e-01 4.898423136920601051e-01 4.895719019662391758e-01 4.902886843990656440e-01 4.895977378481848885e-01
3.381751488343354151e-01 3.510873470465077917e-01 3.663747333002064788e-01 3.775045941977172581e-01 4.101260187044301064e-01 3.967513117709995374e-01 4.055539326311093928e-01 4.166225927224586623e-01 4.406085531162981517e-01 3.814533975694760493e-01 3.910215704022744765e-01 3.958108561904639666e-01 3.971524320709833300e-01 4.042425059836140533e-01 4.055843557321758275e-01 4.076534167962400090e-01 4.097150812148924182e-01 4.106631232582203528e-01 4.111343763497763981e-01 4.120273385571599500e-01 4.122783939543775977e-01 4.128187488029628760e-01 4.113046923009658351e-01 4.114871449588987096e-01 4.116787955203209948e-01 4.118879182188278643e-01 4.110434155085262442e-01 4.128059749953859603e-01 4.079323579299233282e-01 3.988695672883611487e-01 4.126574924667950617e-01 4.135592954183114345e-01 4.142968369453433608e-01 4.157601932127497069e-01 4.183602915161819258e-01 3.763900141652301023e-01 4.118166117868143350e-01 4.121381893006059172e-01 4.134866940136158187e-01 4.135248982197978207e-01 4.125005556763499670e-01 4.124040270200117209e-01 4.126213410875198551e-01 4.123431858333196365e-01 4.125850133859042534e-01 4.123395254883690519e-01 4.123593181582644318e-01 4.125367475179089194e-01 4.127147061771890280e-01 4.124176771430944077e-01 4.132108653846274238e-01 4.124490413344811812e-01
3.614524792645409934e-01 2.583819372769153300e-01 2.776018045394477163e-01 2.918457064456591032e-01 3.293390513781033757e-01 3.162622230611678575e-01 3.274844657758295696e-01 3.418860944953595604e-01 3.764703345007053836e-01 2.988208040648361319e-01 3.098879711550358018e-01 3.155595467364799012e-01 3.172115965639931701e-01 3.257769044080527920e-01 3.277017250899401102e-01 3.302370086393651705e-01 3.326825772580156437e-01 3.338615900826341076e-01 3.344838356831100201e-01 3.355456588350250735e-01 3.358871153206817728e-01 3.365355507398937740e-01 3.349143416815311691e-01 3.351544761020632257e-01 3.354009214030274078e-01 3.356637715486249784e-01 3.347610266976224214e-01 3.367370034786063560e-01 3.313756569069971070e-01 3.213856138471428148e-01 3.366629907567797453e-01 3.377558861619892605e-01 3.386639483478754431e-01 3.404886409547203119e-01 3.440959462968017912e-01 3.003207494484205764e-01 3.355567155470464691e-01 3.359634391878218995e-01 3.374612965622088012e-01 3.375182991597640569e-01 3.364055418755594884e-01 3.363067292569233424e-01 3.365507843130445265e-01 3.362499129285075328e-01 3.365192356567556220e-01 3.362527215327557606e-01 3.362771345122558819e-01 3.364744587673039744e-01 3.366721687864892010e-01 3.363475299121049811e-01 3.372214541271232324e-01 3.363853489278498254e-01
3.847298096947465718e-01 1.635361925439024755e-01 1.873583172600796209e-01 2.052972107393604695e-01 2.484618508472537790e-01 2.358927274662545870e-01 2.500598801582741837e-01 2.686814106500737820e-01 3.188938243681754270e-01 2.163264703477866535e-01 2.289515737241210602e-01 2.355850566138070201e-01 2.375855164217390014e-01 2.478297478961411227e-01 2.504586685175831384e-01 2.535406288896113192e-01 2.564298570769924512e-01 2.578828755411928242e-01 2.586876790954455996e-01 2.599452349046526001e-01 2.603968042091659996e-01 2.611714580704867505e-01 2.594476546465421252e-01 2.597573911063718599e-01 2.600695089860062814e-01 2.603964480440175144e-01 2.594384750547972240e-01 2.616475492375384682e-01 2.557728147759730786e-01 2.448018033946112171e-01 2.616724818109951722e-01 2.629912527411476519e-01 2.641040801486225775e-01 2.663708745927579336e-01 2.713128095595300215e-01 2.245510749269273298e-01 2.602482334212482540e-01 2.607550886542371882e-01 2.624131771726358475e-01 2.624931580749298443e-01 2.612903618064019162e-01 2.611907454552543917e-01 2.614640249299056141e-01 2.611403184831628255e-01 2.614392598190649619e-01 2.611513875919085903e-01 2.611812663583150118e-01 2.614000273338047409e-01 2.616189785785785760e-01 2.612657596666508875e-01 2.622249849289006174e-01 2.613111246145838340e-01
4.080071401249522056e-01 6.616496973995099340e-02 9.529249063939272679e-02 1.175575955868049111e-01 1.672795527693635431e-01 1.554651488449382557e-01 1.731941339260781032e-01 1.971615679165314716e-01 2.711550630349240931e-01 1.338303428689245900e-01 1.480618294943512880e-01 1.557348786343148439e-01 1.581223303429849236e-01 1.702618989442112596e-01 1.737292770202803482e-01 1.774480885582020440e-01 1.808477404289380308e-01 1.826232302622722570e-01 1.836465206796815686e-01 1.851301874819625826e-01 1.857141181999978907e-01 1.866353662393787916e-01 1.848150727041153740e-01 1.852080505971786528e-01 1.855982190559940237e-01 1.860008441795866774e-01 1.849915471193602223e-01 1.874553420114169755e-01 1.810405547028849094e-01 1.690320098339224142e-01 1.876076825699810602e-01 1.891924404995940501e-01 1.905504607792899707e-01 1.933575914248611693e-01 2.000708843834007877e-01 1.492141630973239652e-01 1.858060557398016899e-01 1.864295368880450054e-01 1.882594749726063665e-01 1.883671317430894721e-01 1.870729587567361296e-01 1.869742825069443393e-01 1.872795241888856876e-01 1.869330245208693786e-01 1.872639058696226044e-01 1.869543917451337023e-01 1.869906617009670091e-01 1.872325088693272688e-01 1.874742973231447452e-01 1.870915436546015109e-01 1.881408612382772239e-01 1.871456906591068559e-01
4.312844705551578395e-01 -3.407311020197201917e-02 1.073803720139408086e-03 2.833643069888508795e-02 8.559470027357626853e-02 7.481600636786396585e-02 9.683144568138010722e-02 1.275877299326388381e-01 2.394147297016884224e-01 5.119997145947909056e-02 6.707719869415448843e-02 7.586517245627678874e-02 7.867862179004576906e-02 9.294255549275456940e-02 9.739609705046808896e-02 1.018520414398687568e-01 1.058365846988141845e-01 1.079887772554001396e-01 1.092710236367009369e-01 1.110148624813653007e-01 1.117563657688820100e-01 1.128469298396419934e-01 1.109378600688877836e-01 1.114294939606492174e-01 1.119117339416700468e-01 1.124031522793056820e-01 1.113473458874791183e-01 1.140895427470169227e-01 1.071069589700384683e-01 9.400127668392543878e-02 1.144021743495602927e-01 1.162991543043812998e-01 1.179500635232673261e-01 1.214172699645272163e-01 1.304917645811971560e-01 7.435648656247784150e-02 1.121562607261636507e-01 1.129144824263273172e-01 1.149286489678250506e-01 1.150692252505654128e-01 1.136826510935936702e-01 1.135869325399908314e-01 1.139271307499334224e-01 1.135580373846936525e-01 1.139233816337733157e-01 1.135920495723461432e-01 1.136357345555581155e-01 1.139024310724534583e-01 1.141687644123371981e-01 1.137555415730797104e-01 1.148999730265053421e-01 1.138198556191874905e-01
4.545618009853633623e-01 -1.374567366871614349e-01 -9.559952555448041067e-02 -6.264024503205026240e-02 3.229450431170835609e-03 -6.201937524076864619e-03 2.095084943490653495e-02 6.036867974213457749e-02 2.363127744573974565e-01 -3.169150937458662526e-02 -1.413689388233634395e-02 -4.161188965290725517e-03 -8.825340431271132399e-04 1.574673231655378605e-02 2.134802317827814294e-02 2.665178069172147168e-02 3.130372655070111365e-02 3.389317652802642522e-02 3.547959675700289306e-02 3.752152593123379148e-02 3.844892767155286273e-02 3.973418221564676417e-02 3.774574240026877525e-02 3.835331109347853151e-02 3.894336416257588446e-02 3.953831792897785635e-02 3.844189028435323480e-02 4.148836999038658935e-02 3.390910964603908312e-02 1.964344845382520049e-02 4.199900453367909348e-02 4.426150843832603321e-02 4.626159496401882620e-02 5.053528995739989260e-02 6.278003375631524552e-02 -1.520906634124584409e-05 3.923366120556298631e-02 4.014644515575870737e-02 4.235802635850120790e-02 4.253735285549400252e-02 4.105770497059817864e-02 4.096725718963995649e-02 4.134567573556791054e-02 4.095435395818597391e-02 4.135688563751069302e-02 4.100366427475203579e-02 4.105591136614493430e-02 4.134935040248097909e-02 4.164206217863437171e-02 4.119746678762854775e-02 4.244227362348623050e-02 4.127349587840756923e-02
4.778391314155689962e-01 -2.441776444562948623e-01 -1.949867535393340068e-01 -1.556236979793613195e-01 -7.996912210186733760e-02 -8.771605453115441375e-02 -5.442568864185513139e-02 -3.878703749006317310e-03 2.909514392193364163e-01 -1.149667853862293421e-01 -9.570938056971095564e-02 -8.447587839311340718e-02 -8.069283046739042509e-02 -6.144614226632121035e-02 -5.452139234302966903e-02 -4.824834951178273018e-02 -4.283811967150755878e-02 -3.974421807946999091e-02 -3.780330064090508396e-02 -3.542131816699281566e-02 -3.427642333914140277e-02 -3.276830147884451233e-02 -3.482483853832738646e-02 -3.408208497435444989e-02 -3.336665649481524581e-02 -3.265169651141889423e-02 -3.378166726774289169e-02 -3.040264291994888846e-02 -3.860865059612246519e-02 -5.410057906993859939e-02 -2.965096761814406054e-02 -2.696154620313184411e-02 -2.454578692843848928e-02 -1.928586758541439572e-02 -2.739873042782005677e-03 -7.391342602711156728e-02 -3.301994470213909239e-02 -3.193102354304031693e-02 -2.950799053626130056e-02 -2.928344638121884239e-02 -3.085644288105699601e-02 -3.093898468793791420e-02 -3.051879627288127048e-02 -3.093180469294125323e-02 -3.048915624976870214e-02 -3.086423386140845632e-02 -3.080215155776625663e-02 -3.047992539896882819e-02 -3.015885688046241603e-02 -3.063568273839601189e-02 -2.928498737413379530e-02 -3.054621343213834855e-02
5.011164618457746300e-01 -3.543043054781545576e-01 -2.972870242923184581e-01 -2.508339117413153629e-01 -1.641209625962454510e-01 -1.698291459869432640e-01 -1.292214928302138077e-01 -6.423553294514665335e-02 4.780251334430900556e-01 -1.987452995539505385e-01 -1.777645828710719689e-01 -1.652059225220385563e-01 -1.608794822234372868e-01 -1.387531077966300541e-01 -1.303150637852001914e-01 -1.229400885921901471e-01 -1.166720255464385042e-01 -1.129995556618704627e-01 -1.106484142102932833e-01 -1.078801792023410810e-01 -1.064827663754590592e-01 -1.047206699423963161e-01 -1.068320240644391461e-01 -1.059327483369325446e-01 -1.050724504089786265e-01 -1.042191786093789180e-01 -1.053743481148757821e-01 -1.016319384791258551e-01 -1.104960109201469642e-01 -1.272841736200754359e-01 -1.005902912223824441e-01 -9.740329941269355862e-02 -9.449319715611133319e-02 -8.802536366433492965e-02 -6.555951605640525370e-02 -1.473601963045639007e-01 -1.046570965218470844e-01 -1.033686653411282907e-01 -1.007192523476014012e-01 -1.004423324559990671e-01 -1.021085084910163115e-01 -1.021801623270386788e-01 -1.017143562257803308e-01 -1.021483263409553727e-01 -1.016624256685145777e-01 -1.020592199111016174e-01 -1.019858768493978468e-01 -1.016326441916810680e-01 -1.012810800953526658e-01 -1.017909414117405403e-01 -1.003285884380041432e-01 -1.016861306210010557e-01
5.243937922759802639e-01 -4.677332735439242439e-01 -4.026178965906870300e-01 -3.484473492688374141e-01 -2.493021382495187455e-01 -2.526122823871697065e-01 -2.032888165833061644e-01 -1.193316651087933666e-01 9.506466962314058522e-01 -2.831434792646235765e-01 -2.604226783401890621e-01 -2.464742043678014582e-01 -2.415657015971034993e-01 -2.162881874496895007e-01 -2.061330265396046635e-01 -1.975120551129176671e-01 -1.902776833896593911e-01 -1.859453456587420173e-01 -1.831226290747787477e-01 -1.799175077885561413e-01 -1.782289640270278142e-01 -1.761787309524712186e-01 -1.783295117291463783e-01 -1.772501680484012410e-01 -1.762234619531907465e-01 -1.752116298018258356e-01 -1.763823095056483437e-01 -1.722428957061967747e-01 -1.817976616524748512e-01 -1.999559683029113466e-01 -1.708558294232945252e-01 -1.670899816397146964e-01 -1.635922882338511075e-01 -1.556415941378109791e-01 -1.248706494785833954e-01 -2.203821899930501760e-01 -1.757256943272424432e-01 -1.742125326521042350e-01 -1.713208580263547165e-01 -1.709836648132665449e-01 -1.727423703295664914e-01 -1.727997933794324370e-01 -1.722842196865553288e-01 -1.727382412047668292e-01 -1.722057432904521568e-01 -1.726239676426783998e-01 -1.725377432446969506e-01 -1.721510971972622372e-01 -1.717667360162301593e-01 -1.723103923836598605e-01 -1.707303661922087157e-01 -1.721881887281938583e-01
5.476711227061857867e-01 -5.841246097112061664e-01 -5.109855697885505865e-01 -4.485811479199000584e-01 -3.355308714461113229e-01 -3.360952065959493806e-01 -2.763863655748216019e-01 -1.671040900182619304e-01 -1.566446886717403508e+00 -3.682745483012542231e-01 -3.437997217261807847e-01 -3.283994964718636167e-01 -3.228707565131943569e-01 -2.941626004221786217e-01 -2.820728134423179934e-01 -2.720502751292563914e-01 -2.637319814935333850e-01 -2.586510715196304599e-01 -2.552896208760542240e-01 -2.515923763330119578e-01 -2.495703568585263543e-01 -2.471946611910036951e-01 -2.493672814435847762e-01 -2.480819957150674493e-01 -2.468651922185789438e-01 -2.456725067856245781e-01 -2.468475850120185056e-01 -2.422745452392251753e-01 -2.525540297574401238e-01 -2.721606408809111310e-01 -2.404794332667795076e-01 -2.360411687194872155e-01 -2.318451163255580150e-01 -2.220683974565215713e-01 -1.793442292095587254e-01 -2.930081581603579122e-01 -2.462698003093655441e-01 -2.445047361923473606e-01 -2.413539210648393551e-01 -2.409477874062190272e-01 -2.427978728345991377e-01 -2.428373610482660316e-01 -2.422675686093579417e-01 -2.427405347569087379e-01 -2.421578242835191463e-01 -2.425969647741255675e-01 -2.424960485779613650e-01 -2.420734080385081866e-01 -2.416538066934444395e-01 -2.422319968406637380e-01 -2.405280513011453514e-01 -2.420902269492476444e-01
5.709484531363914206e-01 -7.028075911148892185e-01 -6.222451548236292984e-01 -5.512727154441369182e-01 -4.227485389998202892e-01 -4.202537088466548609e-01 -3.481482060960811031e-01 -2.043981392430668231e-01 -1.236994376287329223e+00 -4.542479783940234772e-01 -4.280073335903108456e-01 -4.110961806417171571e-01 -4.049096989666692847e-01 -3.724847102310512303e-01 -3.582295946394927211e-01 -3.466384618032436471e-01 -3.371093673214424213e-01 -3.311836102932490533e-01 -3.272103171772141050e-01 -3.229609649575271302e-01 -3.205592770730810170e-01 -3.178175441612733354e-01 -3.199921271196484729e-01 -3.184725929144736623e-01 -3.170397655624155320e-01 -3.156417962145588452e-01 -3.168086428276791211e-01 -3.117621055824479348e-01 -3.228018485667188409e-01 -3.439395362346301943e-01 -3.094884395059807058e-01 -3.042699527644199264e-01 -2.992436447161061497e-01 -2.872094650635297897e-01 -2.266761225366799304e-01 -3.652675573341768733e-01 -3.163302037766884123e-01 -3.142840332195954156e-01 -3.108561983545092833e-01 -3.103716851852019176e-01 -3.123114979710419070e-01 -3.123289824551263028e-01 -3.117001943993643609e-01 -3.121906987329065575e-01 -3.115537788084478121e-01 -3.120131387101089948e-01 -3.118955677459394060e-01 -3.114342169266359206e-01 -3.109768238038184696e-01 -3.115902839060119001e-01 -3.097559313668135084e-01 -3.114265819400628965e-01
5.942257835665970545e-01 -8.226400480242518354e-01 -7.360465898124397555e-01 -6.564533556057571273e-01 -5.107941741736716779e-01 -5.049929761132859740e-01 -4.180401823315179621e-01 -2.263045003273173872e-01 -1.125028012858807047e+00 -5.411686039922305458e-01 -5.131520738885400057e-01 -4.946736888029413803e-01 -4.877928267248299310e-01 -4.513597277122140539e-01 -4.346961119840068166e-01 -4.213581117227864214e-01 -4.104820324369547468e-01 -4.036074970711602261e-01 -3.989432092202436775e-01 -3.940768937765431468e-01 -3.912454256898579841e-01 -3.880937723221126179e-01 -3.902480375343337915e-01 -3.884634498103504696e-01 -3.867863736832951038e-01 -3.851564565604906343e-01 -3.863007616429395275e-01 -3.807373988333165316e-01 -3.925746167081273219e-01 -4.153311676044514344e-01 -3.779060018394030940e-01 -3.717829394641767315e-01 -3.657688817076062415e-01 -3.509302642651789816e-01 -2.625581004619148562e-01 -4.371897177891696518e-01 -3.859448257003106342e-01 -3.835863608386971269e-01 -3.798626540584905675e-01 -3.792895572763774203e-01 -3.813169164861509586e-01 -3.813079018983928092e-01 -3.806148447398763346e-01 -3.811210737151953798e-01 -3.804256787315300481e-01 -3.809044497997280954e-01 -3.807681627360164356e-01 -3.802652796055939199e-01 -3.797674249169340488e-01 -3.804168245447793195e-01 -3.784451632400490095e-01 -3.802282818053769331e-01
6.175031139968026883e-01 -9.417874103567753785e-01 -8.517584365492305576e-01 -7.639133237556922085e-01 -5.993698487790772855e-01 -5.901253942521695883e-01 -4.852982832334968299e-01 -2.250895002048644844e-01 -1.106755724216267334e+00 -6.291354155655578539e-01 -5.993345132383846030e-01 -5.792356776321332390e-01 -5.716248916664330437e-01 -5.308891796552160924e-01 -5.115624338164859175e-01 -4.962884323048861179e-01 -4.839199505384148559e-01 -4.759850642721013547e-01 -4.705444971115499975e-01 -4.649914422343246478e-01 -4.616761460213069657e-01 -4.580673263973602527e-01 -4.601764793935925746e-01 -4.580935186970464534e-01 -4.561416213448695745e-01 -4.542507129419042222e-01 -4.553563535732003675e-01 -4.492291983326993643e-01 -4.619029698367140280e-01 -4.863715889559253602e-01 -4.457511825074080281e-01 -4.385801072946089452e-01 -4.313895963276772605e-01 -4.130463296593336886e-01 -2.780284687626767837e-01 -5.088033189526494082e-01 -4.551492237730727086e-01 -4.524453505618175608e-01 -4.484059625958528583e-01 -4.477332611745113433e-01 -4.498453145555355026e-01 -4.498046337730411404e-01 -4.490415178131621499e-01 -4.495614478254110202e-01 -4.488031365989191279e-01 -4.493004439129493210e-01 -4.491432709506323340e-01 -4.485958475375296794e-01 -4.480545553469585385e-01 -4.487402535465857545e-01 -4.466239486955877469e-01 -4.485236486535520428e-01
6.407804444270082112e-01 -1.057352617360931557e+00 -9.683555408489078475e-01 -8.732540076159913678e-01 -6.879926446111278571e-01 -6.753404623821550601e-01 -5.488404044985089048e-01 -1.887117927646023430e-01 -1.132514675785873948e+00 -7.182400434370299624e-01 -6.866480103083469899e-01 -6.648789410653461740e-01 -6.565040570723917890e-01 -6.111701600626964215e-01 -5.889155511270073307e-01 -5.715060472712657491e-01 -5.574908014395528744e-01 -5.483764705909340842e-01 -5.420681100170132716e-01 -5.357536925106423098e-01 -5.318966042018529183e-01 -5.277798649384826124e-01 -5.298166307776615014e-01 -5.273994823660446141e-01 -5.251397578070249317e-01 -5.229561689941329972e-01 -5.240052648509220257e-01 -5.172635210117620952e-01 -5.308149316247759986e-01 -5.570945529499670146e-01 -5.130390761861964855e-01 -5.046544935376586771e-01 -4.960604403279821883e-01 -4.733060301543484116e-01 -2.513675041707627011e-01 -5.801364035120031293e-01 -5.239770823271835409e-01 -5.208927607279231209e-01 -5.165168224555661824e-01 -5.157324335377663216e-01 -5.179253931294065527e-01 -5.178473658054011386e-01 -5.170081416645905259e-01 -5.175396146657844643e-01 -5.167137592649535538e-01 -5.172285548831341284e-01 -5.170479945006123401e-01 -5.164525426302651878e-01 -5.158644600713813144e-01 -5.165868057726461515e-01 -5.143183920626347438e-01 -5.163390295689114229e-01
6.640577748572138450e-01 -1.164709532341948517e+00 -1.084244090971310026e+00 -9.838203697061289610e-01 -7.759261836785134037e-01 -7.601631576580286653e-01 -6.071387903241849404e-01 -1.000098410822653910e-01 -1.182147168390472070e+00 -8.085649321578293192e-01 -7.751771864354072283e-01 -7.516920397143348476e-01 -7.425205772084301215e-01 -6.922943942695346520e-01 -6.668388192255665370e-01 -6.470846101419590601e-01 -6.312598050739317568e-01 -6.208396013927828250e-01 -6.135657063873325434e-01 -6.064106109015667823e-01 -6.019498466011102833e-01 -5.972708144588964041e-01 -5.992055850148712004e-01 -5.964159241792533761e-01 -5.938126957145635210e-01 -5.913020857093521654e-01 -5.922750488870670571e-01 -5.848637990637700623e-01 -5.993359335676720079e-01 -6.275317043488610746e-01 -5.797810424234658422e-01 -5.699915519718068424e-01 -5.597191599971514941e-01 -5.313651078846437503e-01 -1.171003636268900111e-01 -6.512164620367097978e-01 -5.924605344389750616e-01 -5.889585955136645845e-01 -5.842238429383264098e-01 -5.833145157048673646e-01 -5.855840235224268886e-01 -5.854626848612709544e-01 -5.845410336336370749e-01 -5.850816125797143608e-01 -5.841831218617837829e-01 -5.847138408102954266e-01 -5.845069536148755907e-01 -5.838598462913900944e-01 -5.832216701343969634e-01 -5.839811614038870058e-01 -5.815529913528987294e-01 -5.836989957920120098e-01
6.873351052874194789e-01 -1.256205139594312570e+00 -1.196971200888049092e+00 -1.094600961238303638e+00 -8.620798153334551239e-01 -8.438948444985779895e-01 -6.580353503363770562e-01 5.802839473041940949e-02 -1.246366702577082819e+00 -9.001811610643388750e-01 -8.649960376534319151e-01 -8.397535444002953708e-01 -8.297549985482517432e-01 -7.743471468863351026e-01 -7.454112046997413144e-01 -7.230943367840328984e-01 -7.052894553620575602e-01 -6.934296725731946553e-01 -6.850866381393367899e-01 -6.770070286525191605e-01 -6.718766003957952204e-01 -6.665775560037320302e-01 -6.683784729667707758e-01 -6.651752955979972626e-01 -6.621900655959538362e-01 -6.593156621987041888e-01 -6.601911030730301944e-01 -6.520507836313422789e-01 -6.674888077511288431e-01 -6.977131080530796226e-01 -6.459847570550274476e-01 -6.345679756568884944e-01 -6.222831205465758631e-01 -5.867489472330869038e-01 3.606783715306517979e-01 -7.220702566363943475e-01 -6.606300089546387477e-01 -6.566708675471698564e-01 -6.515538848515233239e-01 -6.505056729174030217e-01 -6.528468659636756932e-01 -6.526757750065493857e-01 -6.516647551547335437e-01 -6.522113148186893250e-01 -6.512345029500237192e-01 -6.517794545196361478e-01 -6.515434025736681622e-01 -6.508410698371328573e-01 -6.501494166603479785e-01 -6.509463911179306228e-01 -6.483502083187485665e-01 -6.506256840937030272e-01
7.106124357176250017e-01 -1.318438132574596855e+00 -1.302705506092644017e+00 -1.204071600309596146e+00 -9.448546950472562767e-01 -9.255268120693646017e-01 -6.984790246474168462e-01 2.797520963567302066e-01 -1.320380762587403112e+00 -9.931457769913117906e-01 -9.561655050765667241e-01 -9.291296180930053161e-01 -9.182760031985780502e-01 -8.574059568065024450e-01 -8.247060298937507472e-01 -7.996014784865891345e-01 -7.796390787658975530e-01 -7.661989543647016454e-01 -7.566778526843705999e-01 -7.475854102830215009e-01 -7.417152743649875202e-01 -7.357355178642795979e-01 -7.373683661037120363e-01 -7.337077198142901713e-01 -7.302996228501480447e-01 -7.270221293004408558e-01 -7.277764782850063563e-01 -7.188423987185976749e-01 -7.352943356004426612e-01 -7.676674464957196076e-01 -7.116538416394115885e-01 -6.983507261577392988e-01 -6.836454005829842862e-01 -6.387935183041543175e-01 1.282556847696285196e+00 -7.927232556106884598e-01 -7.285141817873342918e-01 -7.240564498043244868e-01 -7.185330069734098268e-01 -7.173310650449991055e-01 -7.197381033782471738e-01 -7.195098341347268001e-01 -7.184017272195512005e-01 -7.189509087565725265e-01 -7.178901401860848797e-01 -7.184477295073692371e-01 -7.181795318049462029e-01 -7.174179758995747891e-01 -7.166688400955870675e-01 -7.175031510306624227e-01 -7.147302501956219745e-01 -7.171396132456103745e-01
7.338897661478306356e-01 -1.326329453321304586e+00 -1.395225924635252301e+00 -1.309935570312317443e+00 -1.021899780185075990e+00 -1.003609193144983980e+00 -7.241762503977166032e-01 5.120137699682640875e-01 -1.401472527975824445e+00 -1.087498442044593006e+00 -1.048730436329698312e+00 -1.019871934790949508e+00 -1.008138526802123458e+00 -9.415390573684176978e-01 -9.047897927849292143e-01 -8.766676566158134731e-01 -8.543639520486997485e-01 -8.391966918599796932e-01 -8.283835863676457523e-01 -8.181853352794538070e-01 -8.115021723906584716e-01 -8.047780238272964626e-01 -8.062058863632506345e-01 -8.020414332842333849e-01 -7.981673071719747048e-01 -7.944444320333007292e-01 -7.950516880598431646e-01 -7.852543501554629657e-01 -8.027713219788249477e-01 -8.374216560072934579e-01 -7.767871958472157834e-01 -7.612962813369105186e-01 -7.436686707982569366e-01 -6.865503223551121526e-01 -1.432573986559916968e+00 -8.632002923385306836e-01 -7.961411716919362114e-01 -7.911416242771845964e-01 -7.851861348216667702e-01 -7.838140581621240166e-01 -7.862798980466029208e-01 -7.859865820360493194e-01 -7.847736487733177890e-01 -7.853220825471258770e-01 -7.841713806668819675e-01 -7.847394199147453842e-01 -7.844353388854429232e-01 -7.836100098303858674e-01 -7.827992841002734403e-01 -7.836711343806641583e-01 -7.807128964352318956e-01 -7.832608463454698855e-01
7.571670965780362694e-01 -1.232009056408292169e+00 -1.463768322290645241e+00 -1.408662595388895600e+00 -1.089711536416234861e+00 -1.076044733603914949e+00 -7.292096200497166780e-01 6.900506871948098864e-01 -1.487968276212452645e+00 -1.183258065496633149e+00 -1.142717237367213645e+00 -1.112015342799777207e+00 -1.099381395626814362e+00 -1.026803143458358880e+00 -9.857214062077888084e-01 -9.543488326173829028e-01 -9.295145923071115313e-01 -9.124687214875848440e-01 -9.002446419882433881e-01 -8.888437263460946536e-01 -8.812712878685617923e-01 -8.737357300932655502e-01 -8.749194993250319907e-01 -8.702029092889890238e-01 -8.658167688657613104e-01 -8.616029564169567223e-01 -8.620354523041580119e-01 -8.513000986553173055e-01 -8.699359258129085726e-01 -9.070007834387805445e-01 -8.413795274248307976e-01 -8.233483416563084356e-01 -8.021762378194470244e-01 -7.286300020178911874e-01 -1.313548512084724784e+00 -9.335261829729640803e-01 -8.635382853924084001e-01 -8.579510599362097922e-01 -8.515362565786278592e-01 -8.499767084547792395e-01 -8.524940116687929059e-01 -8.521275465127091664e-01 -8.508014547132606298e-01 -8.513448551788095342e-01 -8.500972810923907996e-01 -8.506731844600496917e-01 -8.503296271672476925e-01 -8.494363094287005200e-01 -8.485600351234438010e-01 -8.494695063626681586e-01 -8.463165122813255392e-01 -8.490071697712140431e-01
7.804444270082419033e-01 -9.677073737713383084e-01 -1.488063459578688352e+00 -1.494581813100140710e+00 -1.142961925448912286e+00 -1.139753417232259425e+00 -7.059150042749758880e-01 7.932988319662351850e-01 1.562844746521554473e+00 -1.280419815227729519e+00 -1.238130674209154014e+00 -1.205574687798782962e+00 -1.192024182348255135e+00 -1.113240586439287361e+00 -1.067550802965611112e+00 -1.032693582119327269e+00 -1.005136761506965959e+00 -9.860565918605268543e-01 -9.722978781923210523e-01 -9.595948123293986942e-01 -9.510535460010108855e-01 -9.426366021739762679e-01 -9.435358319968776275e-01 -9.382161810631914900e-01 -9.332690045861494754e-01 -9.285164125663307733e-01 -9.287445282777319067e-01 -9.169899010261541861e-01 -9.368016013460930269e-01 -9.764292316506475444e-01 -9.054211522324224770e-01 -8.844346904501821927e-01 -8.589417935749552591e-01 -7.629359119268540601e-01 -1.291405984819583797e+00 -1.003724268069571712e+00 -9.307308354946982609e-01 -9.245082028199319568e-01 -9.176062794331510952e-01 -9.158412263327204705e-01 -9.184015552198731003e-01 -9.179524712138498188e-01 -9.165037220050465949e-01 -9.170374902998040811e-01 -9.156863845576669325e-01 -9.162679396842307034e-01 -9.158812406788143790e-01 -9.149150799539638168e-01 -9.139683097019405400e-01 -9.149147288973904502e-01 -9.115571200016426845e-01 -9.143951778980905498e-01
8.037217574384475371e-01 -5.710533995335440594e-01 -1.426825705829706248e+00 -1.557941831355900586e+00 -1.173372327660476389e+00 -1.190114355844494654e+00 -6.459367790439122237e-01 8.349361670217450015e-01 1.468602378290471799e+00 -1.378950204567830351e+00 -1.334949122721303727e+00 -1.300540199850494183e+00 -1.286062667912163837e+00 -1.200878511548741479e+00 -1.150316646129650344e+00 -1.111742196050262255e+00 -1.081270376970795866e+00 -1.059996251444469184e+00 -1.044576682356555652e+00 -1.030469145429564026e+00 -1.020876362304717677e+00 -1.011506533565014632e+00 -1.012078746165928411e+00 -1.006102341049778026e+00 -1.000543416971565680e+00 -9.952014533791848638e-01 -9.951924989303441160e-01 -9.823310648456951011e-01 -1.003380313494440124e+00 -1.045730076867836145e+00 -9.688961057381204611e-01 -9.444659804219586174e-01 -9.136753968854276486e-01 -7.861850627340664088e-01 -1.307863747635578555e+00 -1.073817007702216220e+00 -9.977442994830968415e-01 -9.908370262755648028e-01 -9.834186435499800982e-01 -9.814279577943111343e-01 -9.840212362154399095e-01 -9.834797629843554656e-01 -9.818992248690527891e-01 -9.824189233706883684e-01 -9.809570969978241850e-01 -9.815410140685079110e-01 -9.811063287562836743e-01 -9.800619009777407076e-01 -9.790399877810049833e-01 -9.800234963344793826e-01 -9.764516501848878871e-01 -9.794419340027321619e-01
8.269990878686530600e-01 -2.616419670931222630e-01 -1.201640000927504559e+00 1.561184865319803938e+00 -1.167932291535449973e+00 -1.220038360825255852e+00 -5.443518524805328607e-01 8.336521306594245617e-01 1.371560903691224187e+00 -1.478780130108809709e+00 -1.433118260328626548e+00 -1.396872666375079008e+00 -1.381465017600031153e+00 -1.289725946547220392e+00 -1.234043410772459382e+00 -1.191526409987896828e+00 -1.157947487370615480e+00 -1.134318369263629167e+00 -1.117109827468411698e+00 -1.101492570138258076e+00 -1.090764524663862867e+00 -1.080368199844511157e+00 -1.080568612630760317e+00 -1.073880826703917490e+00 -1.067657120326908071e+00 -1.061671221612286553e+00 -1.061390723547964487e+00 -1.047329014437654138e+00 -1.069681106020458961e+00 -1.114923656084911618e+00 -1.031782660069624269e+00 -1.003331594722337794e+00 -9.660008344112090972e-01 -7.930167045918238289e-01 -1.343120042846970952e+00 -1.143827970116250370e+00 -1.064603814467053988e+00 -1.056959504460044386e+00 -1.048993326897523115e+00 -1.046756321897312159e+00 -1.049372662313050597e+00 -1.048728775467105523e+00 -1.047006200035333512e+00 -1.047505765061747862e+00 -1.045924783410443926e+00 -1.046507826328265889e+00 -1.046021158995025679e+00 -1.044893727188896726e+00 -1.043791924384849468e+00 -1.044811864078020403e+00 -1.041014594670613080e+00 -1.044161031402279560e+00
8.502764182988586938e-01 -1.056431417202114420e-01 -7.714139593688095209e-01 -1.524205452264040694e+00 -1.107049239723698841e+00 -1.218485363628936113e+00 -4.077691404807518016e-01 8.037466072099395120e-01 1.272306219250536552e+00 1.561793480011512747e+00 -1.532549080617488846e+00 -1.494502470536726690e+00 -1.478170258085731659e+00 -1.379768589055447636e+00 -1.318741104312379120e+00 -1.272066455707185462e+00 -1.235191473356824332e+00 -1.209047676472937649e+00 -1.189919619171689869e+00 -1.172687327042857053e+00 -1.160738871738655753e+00 -1.149239926397194189e+00 -1.149023916989946326e+00 -1.141568304569399617e+00 -1.134623289722119566e+00 -1.127937018341641062e+00 -1.127348906522869676e+00 -1.111985080772686763e+00 -1.135709118414632623e+00 -1.184030575111162165e+00 -1.094053656079569725e+00 -1.060892941449426363e+00 -1.015427904293108918e+00 -7.742882365732772776e-01 -1.388854228423328507e+00 -1.213778091202251996e+00 -1.131331775667073991e+00 -1.122897023911716197e+00 -1.114351877187877093e+00 -1.111846917020152592e+00 -1.114474380633737161e+00 -1.113715861100732729e+00 -1.111839896955610474e+00 -1.112313905807391867e+00 -1.110606387812275830e+00 -1.111185585807507925e+00 -1.110642028060515374e+00 -1.109425138141649114e+00 -1.108237208274792218e+00 -1.109292655525442761e+00 -1.105259477686165059e+00 -1.108567535913901114e+00
8.735537487290643277e-01 -3.912805281411918523e-02 -3.650027390600013022e-01 -1.312678157841411286e+00 -9.674045759460477845e-01 -1.168640918674355600e+00 -2.594564563245803646e-01 7.548644580470194043e-01 1.171411384091344488e+00 1.459735992217571443e+00 1.508479222367364647e+00 1.548270752183631416e+00 1.565512477050104989e+00 -1.470966107551123780e+00 -1.404402556908159516e+00 -1.353368182713412526e+00 -1.313017399436392729e+00 -1.284199973438865161e+00 -1.263023061229491040e+00 -1.244070698937908226e+00 -1.230814544237663011e+00 -1.218137734095226410e+00 -1.217459587779157415e+00 -1.209176859089305722e+00 -1.201453654786697189e+00 -1.194008030387830210e+00 -1.193072169797416926e+00 -1.176296724361100221e+00 -1.201468789409760873e+00 -1.253069808102929006e+00 -1.155672440086290109e+00 -1.116981317833234844e+00 -1.061312964356008637e+00 -7.138605926466107254e-01 -1.441006828919698446e+00 -1.283688503609135667e+00 -1.197952808853051110e+00 -1.188672394343074812e+00 -1.179514312544488686e+00 -1.176716820048775869e+00 -1.179342366887609517e+00 -1.178458057010101978e+00 -1.176418266253701050e+00 -1.176860635645775144e+00 -1.175017210940761281e+00 -1.175587546062956790e+00 -1.174981343668662470e+00 -1.173669531049382542e+00 -1.172390824723078318e+00 -1.173481836864014971e+00 -1.169201412894116388e+00 -1.172675091351663479e+00
8.968310791592698505e-01 -1.313093894429699128e-02 -1.499979865933535605e-01 -8.783360011148150237e-01 -7.442767729992906256e-01 -1.048629179080010188e+00 -1.289863879263715984e-01 6.934850217383444759e-01 1.069481316737164178e+00 1.356847273526548214e+00 1.406962577030354877e+00 1.448418680405237469e+00 1.466543287702756215e+00 -1.563252275685867110e+00 -1.490996934180913502e+00 -1.435424747023408276e+00 -1.391427810780945684e+00 -1.359782771977031679e+00 -1.336430735877824016e+00 -1.315652298991494273e+00 -1.301003659261170009e+00 -1.287073101819962151e+00 -1.285885026071780679e+00 -1.276717349714661998e+00 -1.268156971036519476e+00 -1.259888073440829981e+00 -1.258563392296044414e+00 -1.240259965266062636e+00 -1.266959847623216229e+00 -1.322056257144652358e+00 -1.216595162858757684e+00 -1.171387843196049605e+00 -1.102795804765434484e+00 -5.837582045153633103e-01 -1.497381900885461192e+00 -1.353581945789802177e+00 -1.264489388768493594e+00 -1.254304325896824057e+00 -1.244498622012824907e+00 -1.241385138318510162e+00 -1.243995937884915470e+00 -1.242972792366037194e+00 -1.240755778014845268e+00 -1.241158485300061010e+00 -1.239170191311848912e+00 -1.239728679313828463e+00 -1.239055474506192356e+00 -1.237642608340268513e+00 -1.236266280999202216e+00 -1.237390591126273476e+00 -1.232850166681021653e+00 -1.236494525204415718e+00
9.201084095894754844e-01 -3.896129532190456112e-03 -5.780790207265419645e-02 -4.285443700555189861e-01 -4.894152413034747462e-01 -8.456311951179901198e-01 -3.404379939019473722e-02 6.241752261175211869e-01 9.671709382093687246e-01 1.253403842010519131e+00 1.304734865429426849e+00 1.347738792024129717e+00 1.366701966758894882e+00 1.485069284791159516e+00 1.563121037078236686e+00 -1.518211246453788688e+00 -1.470411299180269138e+00 -1.435795294918332354e+00 -1.410142569837592896e+00 -1.387437525695907059e+00 -1.371312293221580436e+00 -1.356050690025628835e+00 -1.354308399620384185e+00 -1.344196262959640009e+00 -1.334735940466625470e+00 -1.325579973038491177e+00 -1.323823536548234481e+00 -1.303863954305771955e+00 -1.332177416604595210e+00 -1.391007408222572961e+00 -1.276769461437470721e+00 -1.223851976695198296e+00 -1.138718760186485213e+00 -3.458994452206158865e-01 -1.556690318945563201e+00 -1.423475819005984855e+00 -1.330962311797006636e+00 -1.319814861861531297e+00 -1.309326454574149867e+00 -1.305870138830165894e+00 -1.308449395061176190e+00 -1.307272958811766417e+00 -1.304867090375055660e+00 -1.305224306343190754e+00 -1.303082129737491268e+00 -1.303623374417434810e+00 -1.302875678927825520e+00 -1.301354014236252077e+00 -1.299874198605206921e+00 -1.301032223695330448e+00 -1.296220719305025693e+00 -1.300040932852443598e+00
9.433857400196811183e-01 -9.966831238904288928e-04 -2.075167726363972773e-02 -1.807336322869476097e-01 -2.813247727786777341e-01 -5.912609144765365032e-01 2.408636391605429791e-02 5.503895551204086578e-01 8.651994973082103302e-01 1.149741923769214136e+00 1.202084923098233116e+00 1.246485033392553898e+00 1.266228689725482193e+00 1.390960155635736273e+00 1.474843510338343489e+00 1.539913815838202416e+00 -1.549945878979634539e+00 -1.512221700367732735e+00 -1.484152177098048586e+00 -1.459423871508557236e+00 -1.441737626184543819e+00 -1.425073684541649843e+00 -1.422731504173046391e+00 -1.411613419873140263e+00 -1.401193386027913990e+00 -1.391082738852158496e+00 -1.388845951726805916e+00 -1.367094920958945359e+00 -1.397116766735501336e+00 -1.459935656643801316e+00 -1.336128045669129571e+00 -1.274055748166018187e+00 -1.167499575583414329e+00 1.183192267254100372e-03 1.523460886220997512e+00 -1.493393181412512538e+00 -1.397396292996855971e+00 -1.385223808015068503e+00 -1.374013379983496375e+00 -1.370186594057332119e+00 -1.372719969257521822e+00 -1.371377249922017150e+00 -1.368768758913313954e+00 -1.369070625865181023e+00 -1.366762797142300645e+00 -1.367281952397302991e+00 -1.366455418432471092e+00 -1.364819611635124774e+00 -1.363230038271160405e+00 -1.364419293521722754e+00 -1.359321883173226109e+00 -1.363321530408957427e+00
9.666630704498867521e-01 -2.148976414994468510e-04 -6.777573524449658458e-03 -7.254305921061690587e-02 -1.477371037966601630e-01 -3.609194655309623800e-01 5.289421916131551576e-02 4.749113481804679848e-01 7.644085779268606773e-01 1.046271178999873763e+00 1.099385715787618123e+00 1.144993828310227002e+00 1.165441476542779187e+00 1.296190337911805823e+00 1.385880720397108190e+00 1.455828863378845428e+00 1.511604924513436643e+00 1.552556868135149148e+00 -1.558442941216198196e+00 -1.531596751090358755e+00 -1.512274923221154532e+00 -1.494136533161748437e+00 -1.491148858608979832e+00 -1.478969238757357862e+00 -1.467525498488264413e+00 -1.456387728139211912e+00 -1.453624568779987136e+00 -1.429935994396255294e+00 -1.461763364937630483e+00 -1.528851103522764543e+00 -1.394596559200958374e+00 -1.321598143183924545e+00 -1.186945392476939531e+00 3.474298736843743907e-01 1.460402415702404255e+00 -1.563352126375814333e+00 -1.463808772827954074e+00 -1.450548866155542571e+00 -1.438580246291671250e+00 -1.434355279256400051e+00 -1.436823836269434773e+00 -1.435296990075661361e+00 -1.432470859842018829e+00 -1.432710597363650917e+00 -1.430228655765833912e+00 -1.430721130194942292e+00 -1.429807803379357534e+00 -1.428048167001059854e+00 -1.426340563524397309e+00 -1.427560367597991542e+00 -1.422165776643275370e+00 -1.426351553550442963e+00
9.899404008800923860e-01 -3.815134428189054770e-05 -1.966951696051985783e-03 -2.765744247958341895e-02 -7.258319606643705291e-02 -2.004940985537254361e-01 6.158146772935805396e-02 4.001265834152281653e-01 6.657438666884513134e-01 9.435120056054163706e-01 9.971015125941182777e-01 1.043671040326536570e+00 1.064716916121855039e+00 1.201000135682202430e+00 1.296378549721359352e+00 1.371221150346240814e+00 1.431118644839699749e+00 1.475393704709338394e+00 1.508611668275859241e+00 1.537653639139318296e+00 1.558685439059257494e+00 -1.563225689302432775e+00 -1.559555210176132523e+00 -1.546253894665300832e+00 -1.533722108069287104e+00 -1.521488423002764323e+00 -1.518146409393296370e+00 -1.492359551823184916e+00 -1.526102611504382534e+00 1.543825973819383135e+00 -1.452081646959405781e+00 -1.365982341543969580e+00 -1.194002171224275433e+00 5.837892443228488437e-01 1.396081854964324132e+00 1.508221637633439638e+00 -1.530224571965399294e+00 -1.515813134724385947e+00 -1.503043838667776244e+00 -1.498388019243701352e+00 -1.500773420882183462e+00 -1.499049014700372995e+00 -1.495992015386081064e+00 -1.496159413675019589e+00 -1.493489375745887138e+00 -1.493947662505668683e+00 -1.492941415365983238e+00 -1.491052923204883029e+00 -1.489221957455341583e+00 -1.490470665343081258e+00 -1.484762700248819733e+00 -1.489137015488971816e+00
1.013217731310297909e+00 -5.417442476401100096e-06 -4.956914804147097850e-04 -9.794386942237999841e-03 -3.345347264751355465e-02 -1.045636898443240842e-01 5.805152467789276294e-02 3.282039173300954626e-01 5.702431909061552728e-01 8.420613593486668824e-01 8.957548040212752749e-01 9.429835927792248329e-01 9.645013389381634772e-01 1.105691873031613870e+00 1.206519129858295791e+00 1.286220864487285898e+00 1.350263993986646316e+00 1.397945794600230496e+00 1.433863825931356306e+00 1.465175860258404184e+00 1.487984470869238907e+00 1.509265889996861620e+00 1.513661714431455030e+00 1.528138964188799909e+00 1.541818250409442648e+00 1.555226060298012136e+00 1.559201356874305278e+00 -1.554340144545156566e+00 1.551479315773755641e+00 1.474908740951044184e+00 -1.508474707272220661e+00 -1.406585481050263375e+00 -1.184402590260233978e+00 7.125985525153085698e-01 1.330734622757069774e+00 1.438120530802937225e+00 1.544931316123329790e+00 1.560562510834186734e+00 -1.567420952583780780e+00 -1.562305758614412232e+00 -1.564588294885969066e+00 -1.562646180420656838e+00 -1.559339854961791616e+00 -1.559425197738924407e+00 -1.556558400216508264e+00 -1.556978876925688038e+00 -1.555872367182986160e+00 -1.553844143762531660e+00 -1.551879353722318999e+00 -1.553154375225124006e+00 -1.547120456171595881e+00 -1.551691297388299695e+00
1.036495061740503543e+00 -6.068625272069342559e-07 -1.064140803908566384e-04 -3.149646303937472715e-03 -1.435271898694897609e-02 -5.165943311931946169e-02 4.828336419122632173e-02 2.610880741234317681e-01 4.790860447659870403e-01 7.426147022480318327e-01 7.959906373125025247e-01 8.435242503226065836e-01 8.653591260284472231e-01 1.010602723456295982e+00 1.116550245415215636e+00 1.200972210675898211e+00 1.269156966255507779e+00 1.320283235436431113e+00 1.358966379014602710e+00 1.392608304362817684e+00 1.417243807038545134e+00 1.440185752211221804e+00 1.445337275791736431e+00 1.461040348831483149e+00 1.475934543779108710e+00 1.490589972219203085e+00 1.495251527130251334e+00 1.525754426035420108e+00 1.487828269065134990e+00 1.405979748977720600e+00 -1.563651100952334616e+00 -1.442619905742811959e+00 -1.152327462555028825e+00 7.719508566547932382e-01 1.264537604857559394e+00 1.367924728370162324e+00 1.478452206206517738e+00 1.495367790510441441e+00 1.509860707688006176e+00 1.515472418682049627e+00 1.513316005161128963e+00 1.515491430052372079e+00 1.519059988124687566e+00 1.519066402713099784e+00 1.522145200033103940e+00 1.521772529031182319e+00 1.522987795340667416e+00 1.525161582907857527e+00 1.527264826610045922e+00 1.525964066329705382e+00 1.532340790359481897e+00 1.527571944446189267e+00
1.059772392170709177e+00 -5.308919925036407985e-08 -1.912962940941087455e-05 -9.023334858800452453e-04 -5.668517517543738421e-03 -2.408541866688922867e-02 3.646997020985346533e-02 2.004977062778383334e-01 3.935148818479042854e-01 6.460011936969709545e-01 6.985573658275129327e-01 7.459566188325335023e-01 7.679127827136674744e-01 9.161749179753695405e-01 1.026741527705407275e+00 1.115678624560714871e+00 1.187925317508033096e+00 1.242505905038564062e+00 1.283996346403958544e+00 1.320001423456750977e+00 1.346516431623507426e+00 1.371158014254031832e+00 1.377093942436644403e+00 1.394076045109265305e+00 1.410239409464719040e+00 1.426220470188239275e+00 1.431632252223353552e+00 1.464780386633579568e+00 1.424565085225569794e+00 1.337042686429363414e+00 1.524136347464219998e+00 -1.473103380261575390e+00 -1.090382060234414308e+00 7.896818188559860952e-01 1.197608590084405344e+00 1.297608385372676976e+00 1.411910151959591575e+00 1.430183604538083353e+00 1.445604047189830599e+00 1.451742429668720469e+00 1.449732490219585612e+00 1.452162506278317888e+00 1.456014940082964282e+00 1.456125857665037548e+00 1.459426909760021651e+00 1.459104877447973125e+00 1.460435558030835246e+00 1.462766244687875306e+00 1.465020477638917074e+00 1.463698240080316237e+00 1.470432299223947137e+00 1.465456386837794778e+00
1.083049722600914810e+00 -3.332965291034821380e-09 -2.790766515709386076e-06 -2.258124201937282676e-04 -2.036182865235041696e-03 -1.050804016279070600e-02 2.526698050567935047e-02 1.478312207460587280e-01 3.148082844617091647e-01 5.531186756854871156e-01 6.042749678081011933e-01 6.510400090645517279e-01 6.728970013366952774e-01 8.229066553061347156e-01 9.374382167216813722e-01 1.030572637796413060e+00 1.106733189919899552e+00 1.164740174374100823e+00 1.209037355010916803e+00 1.247436923771726658e+00 1.275851952818131574e+00 1.302230909072634724e+00 1.308977315378582196e+00 1.327272326727929830e+00 1.344767852392372953e+00 1.362156050830749532e+00 1.368372150649777463e+00 1.404379835913699637e+00 1.361738963143477310e+00 1.268096504521267764e+00 1.471870025891508060e+00 -1.496789323012844841e+00 -9.909156117895642213e-01 7.818339895106256598e-01 1.130039827392078644e+00 1.227162913693190749e+00 1.345289026661329990e+00 1.364985374119851658e+00 1.381377752183575280e+00 1.388083549314147680e+00 1.386248191553728137e+00 1.388951579954908144e+00 1.393100901800997216e+00 1.393325744576318748e+00 1.396864943251896252e+00 1.396605867764309838e+00 1.398062548684926520e+00 1.400557282855630525e+00 1.402966607930091758e+00 1.401622717476375790e+00 1.408731716376570464e+00 1.403548013154868324e+00
1.106327053031120444e+00 -1.526502349262646525e-10 -3.284409106221105616e-07 -4.858054466675297605e-05 -6.564755067399137079e-04 -4.244821794025222493e-03 1.609596230576966491e-02 1.040099011202910984e-01 2.442010929267156849e-01 4.649802274960265769e-01 5.140987111472055116e-01 5.596577011824543924e-01 5.811542392756403608e-01 7.313657513464297821e-01 8.490507638125593948e-01 9.459236458043871476e-01 1.025789988014515597e+00 1.087119824481155961e+00 1.134215119282882656e+00 1.174991712585005121e+00 1.205326725682905664e+00 1.233465485541207052e+00 1.241028057159987874e+00 1.260680404051597758e+00 1.279559881211178585e+00 1.298428596457474882e+00 1.305520165691417711e+00 1.344616114565350129e+00 1.299391195343351235e+00 1.199147476917579835e+00 1.421353740181794167e+00 -1.512137661322038751e+00 -8.505766686581838210e-01 7.575118351658466365e-01 1.061895601099700048e+00 1.156561244501203456e+00 1.278564529340898481e+00 1.299761572511347163e+00 1.317173941268981352e+00 1.324480006615077921e+00 1.322840544090541970e+00 1.325839619900130328e+00 1.330310344475611473e+00 1.330664629524971776e+00 1.334453856264848692e+00 1.334260158508848715e+00 1.335849246966313908e+00 1.338519987322678961e+00 1.341098928559192105e+00 1.339738970525639505e+00 1.347238881537603739e+00 1.341837369809756764e+00
1.129604383461326078e+00 -5.599828132431925896e-12 -3.102984800713412022e-08 -8.880471912831796206e-06 -1.878841903643224014e-04 -1.570295422803970201e-03 9.412419920585722230e-03 6.938051791543559110e-02 1.827444181872457940e-01 3.826464329738402670e-01 4.290287501595187458e-01 4.727399208406515840e-01 4.935812490158559274e-01 6.422378706798622661e-01 7.620217948607133085e-01 8.620793459164075578e-01 9.453120412979468812e-01 1.009836924669718750e+00 1.059649718798084450e+00 1.102780948498452096e+00 1.135026352338568190e+00 1.164923872824104256e+00 1.173318577605653390e+00 1.194345799092979332e+00 1.214659367739564289e+00 1.235096099190847285e+00 1.243122330015321575e+00 1.285549897917835915e+00 1.237589360926777182e+00 1.130208087198996569e+00 1.372815385102910568e+00 -1.517249640617873485e+00 -6.784155761487078440e-01 7.220430945848185234e-01 9.932227644733032657e-01 1.085797153944933813e+00 1.211725220743526066e+00 1.234488739710769112e+00 1.252966330569430742e+00 1.260916551099677596e+00 1.259505818706047275e+00 1.262822053360684871e+00 1.267627787802782846e+00 1.268121160903255440e+00 1.272177455790561851e+00 1.272063643872305194e+00 1.273797338348400032e+00 1.276651867868369816e+00 1.279404210098180616e+00 1.278027788158281108e+00 1.285937855859302648e+00 1.280318724483681780e+00
1.152881713891531712e+00 -1.166060520996597884e-13 -2.122360546064490818e-09 -1.332815460745280509e-06 -4.700649590619711878e-05 -5.263430073368255630e-04 5.034038275744361600e-03 4.357111668799989318e-02 1.311959064405145703e-01 3.072007278125087337e-01 3.501280089048944277e-01 3.913117440889740672e-01 4.111785451344891484e-01 5.562384699759428397e-01 6.769102851700171675e-01 7.793942742295196791e-01 8.655968885001993351e-01 9.330781890586402616e-01 9.855134139203592936e-01 1.030925940332292345e+00 1.065048033900658053e+00 1.096701950944088511e+00 1.105909139501810134e+00 1.128335640808326934e+00 1.150131153727816269e+00 1.172203749787297244e+00 1.181240177650602741e+00 1.227268093308347074e+00 1.176394499103040836e+00 1.061287815178146188e+00 1.326535924889760798e+00 -1.509899897829789284e+00 -4.995924454031435147e-01 6.787157124170289935e-01 9.240590250227371794e-01 1.014843255489955798e+00 1.144744401142953505e+00 1.169155620098633941e+00 1.188750021207402030e+00 1.197379815192608277e+00 1.196220514710927940e+00 1.199878146601416118e+00 1.205046281465317115e+00 1.205696508754969365e+00 1.210032548974845579e+00 1.210000773559836151e+00 1.211885988984543028e+00 1.214937880187070718e+00 1.217880155204900339e+00 1.216493482035757356e+00 1.224830227161296747e+00 1.218982079055382695e+00
1.176159044321737346e+00 -1.757172982949545965e-15 -1.165542837623940673e-10 -1.656407009800931588e-07 -1.017246451155245281e-05 -1.579147646650620295e-04 2.452885581826136883e-03 2.559146125150237039e-02 8.979438999049957348e-02 2.396546219610772022e-01 2.784259795611704336e-01 3.163879405738518891e-01 3.349448370304164979e-01 4.742012516861397464e-01 5.942897969347828990e-01 6.983279698270328240e-01 7.869407261111954766e-01 8.570983756032097833e-01 9.119837279199572988e-01 9.595725374959779286e-01 9.955222836899531025e-01 1.028883035286732861e+00 1.038898462408628598e+00 1.062723279269391030e+00 1.086031412262261187e+00 1.109828793626099541e+00 1.119942570091848832e+00 1.169847252241966062e+00 1.115894904940807564e+00 9.924141223991169714e-01 1.282820654528472604e+00 -1.487646197710029039e+00 -3.435252307860767185e-01 6.296132805510998853e-01 8.544263420692889133e-01 9.436956687927537946e-01 1.077614032675268119e+00 1.103739106523608182e+00 1.124497003167232334e+00 1.133854005797363396e+00 1.132983276201553480e+00 1.137005456267243364e+00 1.142549996982491489e+00 1.143367867829177653e+00 1.148003009063738311e+00 1.148069970261588857e+00 1.150119565562633062e+00 1.153376132346629390e+00 1.156511833193792915e+00 1.155115349218572840e+00 1.163900954852324920e+00 1.157825203324427843e+00
1.199436374751942980e+00 -2.458758972375751589e-17 -4.878739957292294065e-12 -1.666364844459330015e-08 -1.888763897367691531e-06 -4.207604648690185404e-05 1.082101447431396864e-03 1.396780569537592678e-02 5.823467080205020630e-02 1.808631764603176595e-01 2.148768164745643861e-01 2.489614936295978520e-01 2.658773015149826779e-01 3.969748333305207488e-01 5.148409800106149570e-01 6.193511107654624537e-01 7.097228693605144301e-01 7.821610355241866985e-01 8.392769062364701105e-01 8.888980910691330894e-01 9.265734906253274561e-01 9.615989699075571107e-01 9.723756440073073604e-01 9.975926629400486689e-01 1.022451388560030816e+00 1.048034930911373230e+00 1.059305402965752707e+00 1.113398605763117555e+00 1.056177107189363973e+00 9.236039390921991776e-01 1.242034362117927726e+00 -1.448226645480541475e+00 -2.268192946043499358e-01 5.761450301919424088e-01 7.843471781285055178e-01 8.723263221112265153e-01 1.010306559426843664e+00 1.038229762258336075e+00 1.060204943287007984e+00 1.070325978824074209e+00 1.069768815054704891e+00 1.074183135491754149e+00 1.080134696883339185e+00 1.081139106363423030e+00 1.086085556653856088e+00 1.086253312360150103e+00 1.088476110339314351e+00 1.091953861235325896e+00 1.095301252241383638e+00 1.093900435587773057e+00 1.103150754316400750e+00 1.096834518122303370e+00
1.222713705182148392e+00 -9.585242138729177834e-20 -1.173186852013129885e-13 -1.250549108745921972e-09 -2.901786742510222134e-07 -9.771743689692194006e-06 4.301450231660857446e-04 7.039197540977388395e-03 3.555407459322632024e-02 1.313995590799461044e-01 1.602016147350857900e-01 1.898531634566241189e-01 2.048320075503578253e-01 3.254519126800070605e-01 4.392658791106434646e-01 5.430192083247737944e-01 6.343412232839201748e-01 7.085809700062426497e-01 7.676404247675723269e-01 8.190850285924446972e-01 8.583798170783689674e-01 8.949633405252963581e-01 9.064668948378726832e-01 9.330492837837277564e-01 9.594652220101269613e-01 9.869199836690356609e-01 9.994226350736811204e-01 1.058018147859126845e+00 9.973551004879319670e-01 8.549006638774445666e-01 1.204571210205519272e+00 -1.390330844586004089e+00 -1.506317074756176044e-01 5.192532827358944392e-01 7.138310174886305370e-01 8.007346974838754905e-01 9.428157629758545655e-01 9.726027736845991312e-01 9.958447089639900218e-01 1.006782319776815093e+00 1.006579027746883570e+00 1.011408766029395556e+00 1.017781602988320211e+00 1.018986197181212194e+00 1.024267082831033626e+00 1.024553927188810665e+00 1.026961769896795440e+00 1.030666316966800222e+00 1.034229477449963630e+00 1.032827448938903991e+00 1.042569026476347860e+00 1.036014210271187563e+00
1.245991035612354025e+00 1.176743807194873749e-21 -3.046857307221910028e-15 -8.152214795208957532e-11 -3.805410630024465715e-08 -1.973000784927944377e-06 1.528769266817744249e-04 3.258534112228159054e-03 2.031449960442517633e-02 9.140597817145536264e-02 1.148179877608082600e-01 1.396782677068196810e-01 1.524926804888259713e-01 2.604733881220741565e-01 3.683186760503485702e-01 4.699160079179213190e-01 5.612514798734624666e-01 6.367075047808841148e-01 6.973404717952957910e-01 7.503696924125305978e-01 7.911025519577641330e-01 8.291454024489850472e-01 8.412973009948302439e-01 8.691996949101714609e-01 8.971920558720541949e-01 9.265695147480811356e-01 9.403892692588686764e-01 1.003842088237042240e+00 9.395455073499652254e-01 7.863340936755104371e-01 1.170884660324520654e+00 -1.314820512555817889e+00 -1.083963522942032187e-01 4.596314805115547797e-01 6.428892702585570218e-01 7.288912505997638958e-01 8.751155445954297285e-01 9.068530997457528997e-01 9.314155336062224233e-01 9.432066509100478502e-01 9.433863238622332004e-01 9.486642724450446984e-01 9.554918209108428373e-01 9.569146355892079736e-01 9.625404141887261567e-01 9.629497149307543191e-01 9.655554629813681844e-01 9.695072506191997341e-01 9.733044240240004141e-01 9.719038624569048546e-01 9.821509318188339499e-01 9.753448911818144440e-01
1.269268366042559659e+00 1.406042089469412701e-22 -3.490617579333816063e-17 -3.436402373902277545e-12 -3.939401298881781125e-09 -3.397915835960467343e-07 4.834136581871245007e-05 1.376697045592392352e-03 1.080270350737571466e-02 6.056783046847002971e-02 7.869578199668801621e-02 9.863893283433346204e-02 1.091635989711461918e-01 2.028091947083612845e-01 3.027430854074218969e-01 4.006699135637402653e-01 4.909462386486693752e-01 5.669198249651365984e-01 6.286946294951362146e-01 6.829808199815714520e-01 7.249683562624000821e-01 7.642960911851143235e-01 7.770248293298911424e-01 8.061831586130669969e-01 8.357290014612985818e-01 8.671048818670594738e-01 8.823246725068273344e-01 9.509871408398620218e-01 8.828954165430327183e-01 7.179650706278511985e-01 1.141447991794232397e+00 -1.225944882981658379e+00 -9.230515980130922504e-02 3.977531694289277997e-01 5.715279410570863750e-01 6.567995765398009222e-01 8.071986409886870995e-01 8.409518372517328366e-01 8.668892043366888123e-01 8.795918507568633027e-01 8.801955448511885605e-01 8.859433958908586870e-01 8.932414971374017520e-01 8.949015666385853329e-01 9.008999781151062480e-01 9.014492356611947255e-01 9.042615445494862625e-01 9.084641715022618857e-01 9.125029864638709576e-01 9.111119285612263585e-01 9.218955765085570242e-01 9.148377846799861102e-01
1.292545696472765293e+00 1.699969454415012333e-23 -3.414613555428356699e-19 -1.265858467593543489e-13 -3.355519696030846020e-10 -4.876035291837208791e-08 1.342983588429475887e-05 5.281596286587875123e-04 5.317647786825978502e-03 3.800970964911470906e-02 5.130426142702657760e-02 6.653148128020272556e-02 7.478392256579957653e-02 1.530108420179668582e-01 2.432589065489378644e-01 3.359198800636531423e-01 4.239485443987076052e-01 4.996429338256109243e-01 5.620261464037655808e-01 6.172114742296439527e-01 6.601828932991312682e-01 7.006245793589832571e-01 7.138134779474293312e-01 7.441359460069452147e-01 7.752248593706411173e-01 8.086345498972913326e-01 8.253480546979171661e-01 8.996133516979126776e-01 8.275549014665709580e-01 6.498435497389605242e-01 1.116773824873224852e+00 -1.131511513215799791e+00 -9.576507723091977342e-02 3.339974339246156720e-01 4.997476348914062783e-01 5.844292989085054790e-01 7.390446096352966121e-01 7.749003144828412459e-01 8.022633227984700133e-01 8.159145007432528907e-01 8.169786567375050268e-01 8.232357352291143071e-01 8.310379890633614597e-01 8.329500199874002586e-01 8.393298540387317264e-01 8.400274036717033654e-01 8.430651968851253786e-01 8.475415621609223571e-01 8.518368985352131606e-01 8.504533768453178544e-01 8.617876098680471442e-01 8.544697609372333691e-01
1.315823026902970927e+00 1.475556872272736053e-23 -1.461291473967447644e-21 -3.404090325107084320e-15 -2.341240538938606970e-11 -6.011424395491021592e-09 3.279060809682357148e-06 1.826392701399526274e-04 2.411594651337704235e-03 2.248680006279618962e-02 3.165628018530936699e-02 4.263472238160573302e-02 4.876527732579133412e-02 1.114063359080219723e-01 1.904649386395268207e-01 2.763005821089700165e-01 3.608042642019121948e-01 4.353160221766833038e-01 4.977121166492647908e-01 5.533421716416191405e-01 5.970201996408822653e-01 6.383225721810283915e-01 6.518597801220329391e-01 6.832311884723663020e-01 7.158039468840515784e-01 7.513068822825736959e-01 7.696026269782531015e-01 8.498562403143425925e-01 7.737124337278761255e-01 5.820495723857618264e-01 1.097348658792897114e+00 -1.041154260501192530e+00 -1.138570498274409648e-01 2.686230677691875957e-01 4.275582351294882066e-01 5.117863692727243619e-01 6.706402114698840622e-01 7.086652841621894350e-01 7.375155832384273635e-01 7.521766777129743620e-01 7.537396802851733524e-01 7.605256820720185384e-01 7.688536989215368767e-01 7.710443312081801670e-01 7.778356717212339122e-01 7.786944302743546986e-01 7.819619621063432779e-01 7.867173325146047391e-01 7.912840659790668640e-01 7.899217982138702077e-01 8.018384012271889683e-01 7.942535864335307227e-01
1.339100357333176561e+00 2.684718191838819007e-25 2.737868881814254338e-22 -5.032158149292349954e-17 -1.123684654842007509e-12 -5.607512090634522193e-10 6.872197778148815028e-07 5.669300121560942818e-05 1.002639128686922060e-03 1.247398273132645230e-02 1.839121380456838067e-02 2.583365363614209195e-02 3.012955430720262381e-02 7.791670207203564569e-02 1.448300752544565417e-01 2.223813712072692239e-01 3.020602562329897101e-01 3.744081001432145728e-01 4.361289777053445338e-01 4.917136709707937148e-01 5.357328952955856538e-01 5.776405877866941374e-01 5.913661258090773254e-01 6.236416043851292779e-01 6.576450462679996889e-01 6.952521889131642041e-01 7.152360283987445611e-01 8.018933898917196545e-01 7.215538433746750968e-01 5.146635201396412285e-01 1.083630489899383820e+00 -9.633453464259885690e-01 -1.429978098893884830e-01 2.018517056382517494e-01 3.549486867640687660e-01 4.388439728266368967e-01 6.019765888135210075e-01 6.422526938531912810e-01 6.726356474311095957e-01 6.883475256737134895e-01 6.904563675012266311e-01 6.978152834196830190e-01 7.066980460952879683e-01 7.091775435677715178e-01 7.163922865502767579e-01 7.174292335473647642e-01 7.209508010634050335e-01 7.260048973371339143e-01 7.308515966985373868e-01 7.295049121934206182e-01 7.420244551748326201e-01 7.341717739165989354e-01
1.362377687763382195e+00 4.501712971343042276e-25 1.691161013362145645e-22 -9.749084000855838687e-19 -5.371528693060431022e-14 -4.743513756402273972e-11 1.248434629188290050e-07 1.559000303116632626e-05 3.799325887362313501e-04 6.463769720771236384e-03 1.001907421076189339e-02 1.473122289637217135e-02 1.755013758283948191e-02 5.212984575572023743e-02 1.065424920036830425e-01 1.746565431654555356e-01 2.482296773099915699e-01 3.173866559747223759e-01 3.776874698774947969e-01 4.326539629508832085e-01 4.766352785126069525e-01 5.188100696497155440e-01 5.325721880887758219e-01 5.655717957689502251e-01 6.009033639755172462e-01 6.406469399579973745e-01 6.624105988848114634e-01 7.558725996666063596e-01 6.713142660939669382e-01 4.477871263247304445e-01 1.075938395517197499e+00 -9.032447663979616959e-01 -1.806512117620020230e-01 1.338402972635568955e-01 2.819365229235947790e-01 3.656043686279225602e-01 5.330292792135918889e-01 5.756302000658350959e-01 6.076144495471853535e-01 6.244355500253192526e-01 6.271236995383753232e-01 6.350776558433333108e-01 6.445474361832461696e-01 6.473488343861115712e-01 6.550127643681830092e-01 6.562338022626048595e-01 6.600123648238576113e-01 6.653794954072962398e-01 6.705295145519528655e-01 6.692129175513447104e-01 6.823615306083764542e-01 6.742261464795209491e-01
1.385655018193587829e+00 9.208261624122874035e-26 3.293874193075152023e-26 -2.150058566742376956e-21 -1.250948292579049637e-15 -2.579128352143403483e-12 1.903248376641554068e-08 3.816831085267390968e-06 1.306948071926581116e-04 3.113703638855382875e-03 5.094544624721809335e-03 7.872801305825041090e-03 9.600253954120304897e-03 3.320402312783077292e-02 7.555084127486517975e-02 1.334327554442673314e-01 1.997810772830900528e-01 2.647018295568777657e-01 3.227913466550539345e-01 3.765297659018262411e-01 4.200215528365723316e-01 4.621180405492062437e-01 4.757152786533697109e-01 5.092352732447869013e-01 5.457838620712011091e-01 5.876411191144672586e-01 6.113034729422459623e-01 7.119730004063072881e-01 6.232164384680257685e-01 3.815441254922950498e-01 1.074415141712323107e+00 -8.624163269696046852e-01 -2.249532869189395934e-01 6.471891655725209302e-02 2.085026718747193253e-01 2.920526899302581803e-01 4.638041324777393282e-01 5.088000947989699263e-01 5.424272642384068144e-01 5.604097524289379795e-01 5.637344714138513568e-01 5.723245756569417253e-01 5.824025937192485181e-01 5.855357892792717456e-01 5.936718869749784133e-01 5.951024489042385790e-01 5.991603453811866764e-01 6.048515527500140099e-01 6.103084132696647846e-01 6.090213042592225179e-01 6.228314755389130486e-01 6.144177580823715346e-01
1.408932348623793462e+00 2.882384538132207579e-27 8.790062716266816919e-24 1.500558162381642308e-21 -4.169153859078366071e-17 -1.421018285814863565e-13 2.456031462301044552e-09 8.048783842968032623e-07 4.044861148839199529e-05 1.389405132207091869e-03 2.408728782705838681e-03 3.926610068826092911e-03 4.909660245017180742e-03 2.006189614156410686e-02 5.142413314703547095e-02 9.885211402579253959e-02 1.570566571430402625e-01 2.167738316529358722e-01 2.718353461487347245e-01 3.236947857488151614e-01 3.662267438340043868e-01 4.078293260813499743e-01 4.210747271066624386e-01 4.548620912966920837e-01 4.924748909635917604e-01 5.364335420966559465e-01 5.620873754601751759e-01 6.703407054081478300e-01 5.775376955449356142e-01 3.160645654647097902e-01 1.078877620369451673e+00 -8.399532206453307337e-01 -2.745706183880028406e-01 -5.400697401916093598e-03 1.346674453316548115e-01 2.181793945823241598e-01 3.942679934136480990e-01 4.417424483924338730e-01 4.770810714198841507e-01 4.962737685449227221e-01 5.002667130159693665e-01 5.095273926089197714e-01 5.202561622336098202e-01 5.237519586456476084e-01 5.323763378700596682e-01 5.340186927687061713e-01 5.383685906801881638e-01 5.444092534991287202e-01 5.501984399657923186e-01 5.489466823267047380e-01 5.634371147643977285e-01 5.547281617019409472e-01
1.432209679053998874e+00 6.767224708289244585e-27 5.507198697958474891e-25 5.095881083536332456e-24 -4.072760393637860780e-19 -3.766654143394570854e-15 2.634925797792505192e-10 1.514150982076328367e-07 1.124399484603456443e-05 5.716132568780753469e-04 1.055008221412700098e-03 1.821510869664524782e-03 2.339796402087214976e-03 1.144624780178016103e-02 3.348442834002369334e-02 7.076120198090558866e-02 1.202860078740932981e-01 1.739325686809111426e-01 2.251902915837578067e-01 2.745003632908053492e-01 3.155675330289257063e-01 3.562494096901904217e-01 3.689154857065992665e-01 4.027035852639018754e-01 4.411975410173175072e-01 4.871909026447709401e-01 5.149616662954814572e-01 6.311269119707489939e-01 5.345344522303673296e-01 2.515277331948055362e-01 1.088767329779822823e+00 -8.336992818066030209e-01 -3.284917845722765684e-01 -7.644729417842366370e-02 6.041667190088351180e-02 1.439881233328766108e-01 3.244328886965400782e-01 3.744437149472187865e-01 4.115417499034633719e-01 4.320109294770432262e-01 4.367307352492701411e-01 4.466925918301542509e-01 4.580895171113272824e-01 4.619697890307082333e-01 4.711171507743816544e-01 4.729959595605073841e-01 4.776494348492815178e-01 4.840438222702493909e-01 4.901747883576192399e-01 4.889711367554456789e-01 5.041821627765327163e-01 4.951761947104896811e-01
1.455487009484204508e+00 9.856656010479729047e-29 2.831516631332352322e-25 1.004135075875427721e-22 2.286255091040988111e-21 -1.199604671693342545e-16 2.288892321952996691e-11 2.339997182066690779e-08 2.766240832584981044e-06 2.158650678545522797e-04 4.256683909402479791e-04 7.819435221811489112e-04 1.034197249691817073e-03 6.149117875959110753e-03 2.076998445794832684e-02 4.879123346298149672e-02 8.947934702115406536e-02 1.364274970953260890e-01 1.831565019449450382e-01 2.292763647999131182e-01 2.683621648151743866e-01 3.076607210892971511e-01 3.195376527931751420e-01 3.530054620291223078e-01 3.921697009740202633e-01 4.401179345765078854e-01 4.700972027029490241e-01 5.944499004151635457e-01 4.945037550039867447e-01 1.881098640261366639e-01 1.103044286140096419e+00 -8.412058800063717534e-01 -3.859619166182501893e-01 -1.483306039760158013e-01 -1.423970507781499237e-02 6.945687925267574059e-02 2.542730463263662699e-01 3.069061529207591787e-01 3.458195298923822936e-01 3.676056411339076457e-01 3.730953247341556311e-01 3.838077652399410344e-01 3.959150713727082049e-01 4.001989032405159907e-01 4.098797069972603957e-01 4.120075426063529722e-01 4.169910724471641017e-01 4.237665731321317852e-01 4.302549028290443833e-01 4.290945778911817166e-01 4.450466684252979976e-01 4.357395930238096571e-01
1.478764339914410142e+00 2.870264016782243650e-28 7.699522308614060516e-26 1.607024383576307245e-24 2.048662861803269206e-23 -5.181822117836449667e-19 1.675069454029159944e-12 3.305136548663006635e-09 6.055663796235511220e-07 7.450866944243524136e-05 1.580345160814758247e-04 3.099769347650655382e-04 4.227583862995506906e-04 3.097289162970093181e-03 1.223884040231678662e-02 3.228759885257492801e-02 6.447134601104399787e-02 1.043438720570933342e-01 1.459723238914567012e-01 1.882952938714791136e-01 2.249071059386751337e-01 2.623517406303507160e-01 2.732189618679444765e-01 3.060385499498379236e-01 3.456128057473746851e-01 3.953908460898361565e-01 4.276925154048832889e-01 5.603905666853071788e-01 4.577171907079926605e-01 1.260532656610569291e-01 1.120228721359518786e+00 -8.601382399473478380e-01 -4.464081903047449895e-01 -2.210086933478066507e-01 -8.929672986350697950e-02 -5.399046040969498854e-03 1.837873718545086632e-01 2.390983263015458438e-01 2.798913291116963409e-01 3.030645523364241534e-01 3.093710358885531364e-01 3.208575236519989882e-01 3.337040181289857022e-01 3.384288837569032760e-01 3.486775589459329416e-01 3.510664777334233100e-01 3.563835507764034904e-01 3.635520834454900596e-01 3.704233850316285825e-01 3.693244806684653492e-01 3.860515968005551746e-01 3.764276667599232851e-01
1.502041670344615776e+00 3.454291040724559187e-29 5.145553237522785062e-27 5.341683531941381664e-24 8.676661370058131575e-22 9.322989343616814873e-20 9.359899226271042669e-14 3.539937521356453983e-10 1.144620735969975790e-07 2.332801774568390074e-05 5.336158183152620211e-05 1.125656368513037249e-04 1.588935284969468736e-04 1.458643690618147007e-03 6.824392756860987383e-03 2.044783667897760032e-02 4.485386169583054083e-02 7.762538105164437652e-02 1.137469120674381717e-01 1.517798835762143306e-01 1.854484668204811337e-01 2.205874074631083703e-01 2.302413518418688354e-01 2.620495586967699353e-01 3.017560624430155602e-01 3.531939706279176305e-01 3.879008839068207593e-01 5.289969540358537836e-01 4.244436770398897774e-01 6.561334163772129802e-02 1.138475886560105232e+00 -8.884948985860796622e-01 -5.093630997612893507e-01 -2.944149295110504716e-01 -1.647614348823639441e-01 -8.059662672361735114e-02 1.129752916203231039e-01 1.710352554473215658e-01 2.137481922813633806e-01 2.383554762675612337e-01 2.455418955012741156e-01 2.578534188321595089e-01 2.714676286634570279e-01 2.766453436091110274e-01 2.874838514738862205e-01 2.901627860148330851e-01 2.958404880184970498e-01 3.034170211282821161e-01 3.106763293199640286e-01 3.096376990687248476e-01 3.271784803588086987e-01 3.172426603102782572e-01
1.525319000774821410e+00 7.691452061447942014e-30 6.328119139794175839e-27 3.981045313056608688e-25 2.243671442853795409e-24 9.535228064667945201e-22 4.436864169065954093e-15 3.697744658832604261e-11 1.928942528856757625e-08 6.628404860416465119e-06 1.650542103086480352e-05 3.746535922236865599e-05 5.473260371347046782e-05 6.399368375956776241e-04 3.591709418333544242e-03 1.235209675045829264e-02 3.004777267806488239e-02 5.602418212806770798e-02 8.647153466667008292e-02 1.198467251886893847e-01 1.501890154682323786e-01 1.825895098764991897e-01 1.908614244353505907e-01 2.212894824067384858e-01 2.608021456770596713e-01 3.136931184774160997e-01 3.508787417456458169e-01 5.002337374682394033e-01 3.949168116748543733e-01 7.105101980348223559e-03 1.155782160548069371e+00 -9.246199899838151159e-01 -5.744843706849857012e-01 -3.685056320561002630e-01 -2.406116300325246982e-01 -1.561298702755999634e-01 4.181346547500600086e-02 1.026919648692467130e-01 1.473946363326399112e-01 1.734917128005709352e-01 1.815947054383035553e-01 1.947663156968120479e-01 2.091953746424456972e-01 2.148628304757536633e-01 2.263110335857072553e-01 2.292838297463949959e-01 2.353365140189071225e-01 2.433506014319663791e-01 2.510264308501308772e-01 2.500540644410044755e-01 2.684310564672278687e-01 2.581657925671917431e-01
1.548596331205027044e+00 3.600471674425879853e-30 1.729489446539365948e-29 2.617157740515938690e-25 5.772419255696976905e-23 6.307313494652210152e-21 1.593967455229483246e-16 2.582793696530696528e-12 2.670159938223460840e-09 1.675314118123995506e-06 4.553981900184974978e-06 1.128952217491319579e-05 1.718968819940553143e-05 2.602772503839257800e-04 1.778466105542771819e-03 7.098037408370896743e-03 1.932915306022492397e-02 3.912419313628171663e-02 6.398712868256854758e-02 9.251189408103384360e-02 1.192382074891440713e-01 1.485418968368944492e-01 1.552894024663628858e-01 1.839782572188465304e-01 2.229518242116907967e-01 2.770226504691178371e-01 3.167345325141530110e-01 4.740249345383065749e-01 3.692999256242683326e-01 -4.910256231990783177e-02 1.170219446709782396e+00 -9.671578523275233819e-01 -6.414678188433273753e-01 -4.432438515343416485e-01 -3.168549094718703940e-01 -2.319926330952521154e-01 -2.967908672087065172e-02 3.406618526797714624e-02 8.080000248004019781e-02 1.084550461068093941e-01 1.175409333322165878e-01 1.316079704194155486e-01 1.468717747117493921e-01 1.530551175415799381e-01 1.651525875260982379e-01 1.684460261345600285e-01 1.748856216613840775e-01 1.833428947044336288e-01 1.914497584995000501e-01 1.905612999270044627e-01 2.098204466065927976e-01 1.992193532965106650e-01
1.571873661635232677e+00 9.908823322682405074e-32 4.279679930103560066e-28 4.564286154708558692e-26 9.814283083816384029e-25 3.228338904767100551e-24 4.334405975451200200e-18 1.960711487693763811e-13 3.438160472259128553e-10 3.852914220795441240e-07 1.151731288663948169e-06 3.084919367546537367e-06 4.877189319910919961e-06 9.809078663067202265e-05 8.255400846774774192e-04 3.869960598244354642e-03 1.190595476876813580e-02 2.637674666045443372e-02 4.597740215753500642e-02 6.967048679341016071e-02 9.261534495886525331e-02 1.185456437050827622e-01 1.236951735512541312e-01 1.502938545843934270e-01 1.883642160762558360e-01 2.432985480704538128e-01 2.855350518568426921e-01 4.501888542860837394e-01 3.476859904130584211e-01 -1.025880762185894662e-01 1.180141927541553226e+00 -1.015035109317398598e+00 -7.100791688476828512e-01 -5.185760984515725980e-01 -3.934739794460498929e-01 -3.081936884977171665e-01 -1.015226743635528617e-01 -3.483666145523015012e-02 1.398013272468125526e-02 4.323356244150425992e-02 5.335170188005088771e-02 6.836988650083744568e-02 8.451272366731678309e-02 9.123233585949262758e-02 1.039921410847529093e-01 1.076256681720355463e-01 1.144838752987595992e-01 1.234114430002719032e-01 1.319628676111343490e-01 1.311529553407065340e-01 1.513250741919706099e-01 1.403894471586843995e-01
1.595150992065438089e+00 2.677500259037791273e-31 2.574139936142906705e-30 1.289193698591611377e-26 3.930292646510540394e-24 4.696111235510636759e-22 1.498037060095439634e-19 8.669819610973508204e-15 3.245644605255911470e-11 7.581297038002854713e-08 2.527941806219431512e-07 7.576001503397560019e-07 1.259476947244750900e-06 3.385351068420728649e-05 3.585474387042162053e-04 1.995569756422735635e-03 7.007823139895272280e-03 1.711947384081797738e-02 3.201679210943380455e-02 5.107212334854691060e-02 7.023721823185943847e-02 9.262276735614993761e-02 9.616169180642190895e-02 1.203740320097539118e-01 1.571586951998239223e-01 2.125792168255729586e-01 2.572996199073152579e-01 4.284857150913635171e-01 3.300296971100850074e-01 -1.528472236574633103e-01 1.184356719631912247e+00 -1.067369827730419107e+00 -7.801224067152651154e-01 -5.944749191501953467e-01 -4.704542316700012217e-01 -3.847142516881957297e-01 -1.737123221061528111e-01 -1.040426578429438781e-01 -5.308145913590352205e-02 -2.216050796412522006e-02 -1.096169309326854892e-02 5.034625269802131195e-03 2.209353851789050416e-02 2.939336075137366500e-02 4.284837366040854245e-02 4.683173318269180652e-02 5.411492748927883983e-02 6.353452117752818318e-02 7.256303571442226930e-02 7.184710354525829235e-02 9.296521664753261416e-02 8.167450330861665553e-02
1.618428322495643723e+00 1.757602577299043138e-36 2.705148317846115400e-29 4.130467525400913571e-27 1.252593191031276006e-25 7.245905528716822402e-25 1.373101646189219572e-21 4.425905758146408839e-16 3.247419077496826283e-12 1.395918079260185131e-08 5.095134488093186878e-08 1.645562578689934548e-07 2.853213960424470956e-07 1.079009302221967771e-05 1.448761341102668642e-04 9.712305188017632783e-04 3.929332637154217198e-03 1.067885002901855854e-02 2.155033307170028944e-02 3.637656194066780924e-02 5.188425575120237526e-02 7.070700480974419222e-02 7.268741559906637117e-02 9.427502080693199449e-02 1.294086601580375084e-01 1.848818922796469921e-01 2.319695204464413407e-01 4.085924615563029105e-01 3.161525227778653746e-01 -1.992932820630896606e-01 1.182127180847333925e+00 -1.123449756401982080e+00 -8.514174995816974345e-01 -6.708960997653149461e-01 -5.477907426102132105e-01 -4.615519633211378481e-01 -2.462371532677095354e-01 -1.735332333992539167e-01 -1.203951714033941744e-01 -8.775499673175221615e-02 -7.540406119887524405e-02 -5.838031629674941825e-02 -4.037957561388351435e-02 -3.248197922693254330e-02 -1.829845282256595609e-02 -1.393147725748043221e-02 -6.200927659938895373e-03 3.720936433552443721e-03 1.323512285314860926e-02 1.262369634083389605e-02 3.473893419512737862e-02 2.309290219318795370e-02
1.641705652925849357e+00 1.738756444671308992e-32 7.836744828440237585e-31 6.981299863901988372e-28 2.862716181782249707e-25 3.691288237539742751e-23 3.212393961043657894e-21 1.355420546006580975e-17 1.932748229115679501e-13 2.048024813907653584e-09 8.738859972688423248e-09 3.263402867632461565e-08 5.989288347561478829e-08 3.099818859439126725e-06 5.437882196088515219e-05 4.446458273894187199e-04 2.095300686351878137e-03 6.383654067091831981e-03 1.399919075797177552e-02 2.511208693965487695e-02 3.726058297696741017e-02 5.260723128480138816e-02 5.318080070343683685e-02 7.197858770528518801e-02 1.051113967006715166e-01 1.601653726268833511e-01 2.094293247586114237e-01 3.901211394156250400e-01 3.057011111262310510e-01 -2.412617165053400070e-01 1.173184995060459368e+00 -1.182699591726871224e+00 -9.238198967887329971e-01 -7.477958314732624512e-01 -6.254582312046745862e-01 -5.386987114235459728e-01 -3.191131504006228248e-01 -2.433179750022913257e-01 -1.879456521566293947e-01 -1.535397256989700088e-01 -1.399948054755979221e-01 -1.218955981595544052e-01 -1.029016854032898387e-01 -9.437442355236906610e-02 -7.944662758637385802e-02 -7.468480787518512465e-02 -6.647875353380547359e-02 -5.602123036776873732e-02 -4.599915856397103486e-02 -4.650786766758904789e-02 -2.336612159485714629e-02 -3.537370060111389575e-02
1.664982983356054991e+00 2.350672545925767475e-34 1.722890866593293583e-30 3.399688897024925615e-28 1.082686535199767914e-26 1.778262447195542438e-26 2.583573677388982198e-25 3.647367462976005485e-19 1.497678758328370352e-14 2.970032496752427498e-10 1.333325084105210515e-09 5.377169508554295954e-09 1.043490146208340276e-08 8.171864924605365853e-07 1.888547473309067784e-05 1.907831433573666739e-04 1.059565927084425013e-03 3.651377941901617821e-03 8.754501057356416094e-03 1.677510905238618552e-02 2.594484644553729166e-02 3.806615205810650465e-02 3.741879718451166653e-02 5.338450848070315502e-02 8.420102496568176997e-02 1.383215080802228658e-01 1.894850435966030644e-01 3.726637233461638221e-01 2.981474993962972553e-01 -2.779696732428753592e-01 1.157606555063685150e+00 -1.244630174338403172e+00 -9.971989873604786281e-01 -8.251399750635463048e-01 -7.034365788551795173e-01 -6.161336045683637463e-01 -3.923186661110170115e-01 -3.134043542162083251e-01 -2.557555486691224789e-01 -2.195143947766475812e-01 -2.047154677395835454e-01 -1.855103720453765148e-01 -1.654952587562672495e-01 -1.562963744931957777e-01 -1.405840785758510347e-01 -1.354092291734137199e-01 -1.267203265731541850e-01 -1.157121254371291097e-01 -1.051511250902882055e-01 -1.055367404061303693e-01 -8.132610225568638607e-02 -9.371380526583014681e-02
1.688260313786260625e+00 1.084570644970027775e-33 9.695014655863559706e-32 4.519130348856038141e-29 2.271011876171385748e-26 3.041010893587483094e-24 2.705670599392157852e-22 2.863563557755690144e-20 5.706010863823111475e-16 3.197093534913374725e-11 1.819164834753123483e-10 8.606723418980784824e-10 1.749607810336075298e-09 1.929895046533164166e-07 6.005287004276502677e-06 7.670765333351819526e-05 5.066120536353008793e-04 1.993691373696720396e-03 5.261428440305003680e-03 1.081929992431113728e-02 1.747920830014752097e-02 2.671002377945280032e-02 2.511058338979664864e-02 3.827744465527191386e-02 6.653907409842398091e-02 1.191921852575128643e-01 1.718786848578492954e-01 3.557750775091285123e-01 2.928178289175173421e-01 -3.085485600994782307e-01 1.135709356542283777e+00 -1.308828037411487788e+00 -1.071422735183375163e+00 -9.028847387453193818e-01 -7.817085192436301622e-01 -6.938426324930232481e-01 -4.658490297886918041e-01 -3.837722905187204714e-01 -3.238158520607319901e-01 -2.856991045247073147e-01 -2.695801087730231860e-01 -2.492131455453962807e-01 -2.281433034612598276e-01 -2.182545349052013584e-01 -2.017316972592136937e-01 -1.961093770638616118e-01 -1.869089181545196821e-01 -1.753335898183363828e-01 -1.642241726071292929e-01 -1.644814718800767794e-01 -1.391486864900148834e-01 -1.519142574930535117e-01
1.711537644216466258e+00 4.392265241888890171e-35 1.164611850292708211e-31 2.680751646553923092e-29 7.034382373634657674e-28 2.809065076989092509e-27 2.178788757986923583e-24 8.853297266765867082e-23 2.901157246175617979e-17 3.357397137795061722e-12 1.913589375945209684e-11 1.034236672230747595e-10 2.310046225016701486e-10 4.048863569049862377e-08 1.773028566772188562e-06 2.860335330621845259e-05 2.287416707491328016e-04 1.036551072391863042e-03 3.033491272789573621e-03 6.723609171131164110e-03 1.136491001960586791e-02 1.812400012308277436e-02 1.585157980020181906e-02 2.638377437038391671e-02 5.190014079665376812e-02 1.025626209340837341e-01 1.563069399017879557e-01 3.390577190279640551e-01 2.889091811255145026e-01 -3.320618042428677419e-01 1.108020002842005303e+00 -1.374962167722291628e+00 -1.146381792844450853e+00 -9.809739977252426302e-01 -8.602422909927601724e-01 -7.718109670326832594e-01 -5.397037085563232139e-01 -4.544325723960629393e-01 -3.921177266242526493e-01 -3.520754718940364292e-01 -3.345933776834878470e-01 -3.130244396761450720e-01 -2.908489900545814244e-01 -2.802313588886759521e-01 -2.628768436102547068e-01 -2.567968333905339406e-01 -2.470613329482968523e-01 -2.348838200210311145e-01 -2.231984529561958919e-01 -2.233248564392611712e-01 -1.968366182972599021e-01 -2.099911575208198988e-01
1.734814974646671892e+00 6.916374159655290413e-35 8.921837976801858196e-33 3.657136845477425447e-30 1.947328207884085192e-27 2.563958216207694932e-25 2.276078656863180559e-23 1.703685975378328031e-21 1.000907037796235005e-18 2.890974466471544941e-13 2.182730949608703254e-12 1.280576487793347421e-11 2.857823794187861033e-11 7.894464580662299305e-09 4.667694083626240294e-07 9.954862551707215304e-06 9.705574413168385533e-05 5.123415403021554801e-04 1.673669315696515612e-03 4.020079907918541751e-03 7.109637772460754464e-03 1.185566243965594305e-02 9.192354539910574385e-03 1.733248247294391642e-02 4.001758017391537220e-02 8.817546156857648809e-02 1.424269043171957072e-01 3.221488914657287261e-01 2.855833966162615867e-01 -3.474893710388897161e-01 1.075092892408623158e+00 -1.442705740164447636e+00 -1.221977312974276586e+00 -1.059371122104581620e+00 -9.389995185744569595e-01 -8.500061349641326869e-01 -6.138578398349767706e-01 -5.253766582048091660e-01 -4.606765142239055422e-01 -4.186484235967437573e-01 -3.997387878622357671e-01 -3.769326568520257048e-01 -3.536256405404741288e-01 -3.422411656718811757e-01 -3.240127906892745768e-01 -3.174517485239266579e-01 -3.071701567050032500e-01 -2.943765756369275954e-01 -2.820861784997967248e-01 -2.820596548431289485e-01 -2.543668443175070015e-01 -2.679270171464896433e-01
1.758092305076877526e+00 4.786629966090777042e-36 8.621637206476933347e-33 2.049674337914069752e-30 2.970345866054293108e-29 3.663793536566222614e-27 1.033358987470903501e-24 4.165980740586899816e-23 1.862034246939374583e-20 1.766659972528850341e-14 1.493029877741248862e-13 1.180495933798926909e-12 3.076126969391948910e-12 1.254550551132674279e-09 1.148102131988298658e-07 3.190306497137910447e-06 3.861084960065831067e-05 2.401147234524868941e-04 8.824215700235847441e-04 2.306264496591027991e-03 4.269476816261573437e-03 7.442642266846293507e-03 4.658930726262444644e-03 1.071226692351413823e-02 3.055843706997269163e-02 7.575931654710060803e-02 1.298963784674717903e-01 3.047567710047773826e-01 2.820121139349345829e-01 -3.538985736631706236e-01 1.037562593367036712e+00 -1.511792818993613174e+00 -1.298076307401252016e+00 -1.138023108803462247e+00 -1.017960211442207052e+00 -9.284000706552337778e-01 -6.882992773966284394e-01 -5.965855597424344348e-01 -5.294749097748040478e-01 -4.854258762803234095e-01 -4.650294377756980513e-01 -4.409304188116071055e-01 -4.164549166185833595e-01 -4.042814072490701349e-01 -3.851554681963218485e-01 -3.780801713113546292e-01 -3.672214468998923342e-01 -3.537919196594748739e-01 -3.408837011545602369e-01 -3.406995279155349277e-01 -3.117462537966181335e-01 -3.257098187857642158e-01
1.781369635507083160e+00 4.713726718177560813e-36 6.929625950821468564e-34 3.623967112137727306e-31 1.753901379458722846e-28 2.120674883411470582e-26 1.785420646171766960e-24 1.408779894735048622e-22 1.019620698933051684e-20 1.434133995589215361e-15 1.329090793440213103e-14 9.263566119380265389e-14 2.369264600996866107e-13 2.002750503977188600e-10 2.487121039283989722e-08 9.382653569354707958e-07 1.441224719786641121e-05 1.062781292707512635e-04 4.436329619881470296e-04 1.267562774772756006e-03 2.450507087019742312e-03 4.465584494980899891e-03 1.769366363990400835e-03 6.095735835868655236e-03 2.317060064192263610e-02 6.502650347190462587e-02 1.183889191754549791e-01 2.867071766793954923e-01 2.774590460799692959e-01 -3.504953635971000403e-01 9.960733385582815069e-01 1.559590563642090588e+00 -1.374593585783391525e+00 -1.216850734108247734e+00 -1.097073167765571622e+00 -1.006976051372928671e+00 -7.630151866281481565e-01 -6.680597711589262300e-01 -5.985040491350550607e-01 -5.523889457356958577e-01 -5.304606730167301665e-01 -5.050314984659588502e-01 -4.793402936346906063e-01 -4.663366251213555969e-01 -4.462891692963464330e-01 -4.386867343427612864e-01 -4.272286039777031252e-01 -4.131280835196967649e-01 -3.995724369560876843e-01 -3.992256256403730053e-01 -3.689723937716194446e-01 -3.833510022192511690e-01
1.804646965937288572e+00 4.186671154711302699e-37 7.043061097383482116e-34 1.494576887843012704e-31 2.635541618424350097e-31 1.319315806049452738e-27 2.681861182456705425e-25 1.749104372336566823e-23 3.115725844012703934e-22 4.673082381721620900e-17 7.053602747576473727e-16 7.894269123721002998e-15 2.314874167798465961e-14 2.430992063365122983e-11 4.821881000801041093e-09 2.576181214277813506e-07 4.969361256990120820e-06 4.448555559880835303e-05 2.119720885325363869e-04 6.659367713239697575e-04 1.338898350013524282e-03 2.541763656510541512e-03 9.568179485736353002e-05 3.044155700947773126e-03 1.750392040993197645e-02 5.570998659512725604e-02 1.076186182325776508e-01 2.678935220189039845e-01 2.713581719058837938e-01 -3.368328358235734288e-01 9.511862953824928857e-01 1.488533359975704018e+00 -1.451429561091862830e+00 -1.295819351542265796e+00 -1.176281937344143547e+00 -1.085676214307380594e+00 -8.379779421651395444e-01 -7.397840289369295164e-01 -6.677673544230405822e-01 -6.195382260365139837e-01 -5.960170515958173043e-01 -5.692217059048173544e-01 -5.422876605462836341e-01 -5.284169685795656601e-01 -5.074071557726379522e-01 -4.992526780568112832e-01 -4.871812020535248866e-01 -4.723934809707234783e-01 -4.581607299899757568e-01 -4.576291023790382551e-01 -4.260224320338802939e-01 -4.408321467336651089e-01
